Player,ExpertRanking,ADP,Pos,FantasyPoints,ADP_rerank,Year
Le'Veon Bell,1,1.0,RB,111.2,1,2015
Adrian Peterson,2,2.0,RB,260.7,2,2015
Jamaal Charles,3,3.0,RB,101.1,3,2015
Antonio Brown,1,4.0,WR,378.2,1,2015
Eddie Lacy,4,5.0,RB,140.6,4,2015
Julio Jones,2,7.0,WR,369.1,2,2015
Rob Gronkowski,1,9.0,TE,255.6,1,2015
Demaryius Thomas,3,12.0,WR,267.4,4,2015
Dez Bryant,4,8.0,WR,89.1,3,2015
Matt Forte,5,13.0,RB,212.7,7,2015
C.J. Anderson,6,11.0,RB,141.3,6,2015
Marshawn Lynch,7,6.0,RB,80.7,5,2015
Calvin Johnson,6,14.0,WR,261.4,5,2015
A.J. Green,7,17.0,WR,273.7,6,2015
Randall Cobb,8,20.0,WR,202.9,7,2015
Justin Forsett,8,22.0,RB,122.4,11,2015
Jeremy Hill,9,16.0,RB,168.3,9,2015
DeMarco Murray,10,15.0,RB,184.4,8,2015
Alshon Jeffery,9,23.0,WR,158.7,8,2015
Mike Evans,10,25.0,WR,210.6,10,2015
LeSean McCoy,11,18.0,RB,176.7,10,2015
Brandin Cooks,11,26.0,WR,253.6,11,2015
DeAndre Hopkins,12,29.0,WR,329.1,12,2015
T.Y. Hilton,13,24.0,WR,211.4,9,2015
Lamar Miller,12,27.0,RB,231.9,12,2015
Andrew Luck,1,19.0,QB,128.84,1,2015
Frank Gore,13,28.0,RB,193.4,13,2015
Aaron Rodgers,2,21.0,QB,293.24,2,2015
Jordan Matthews,14,32.0,WR,230.7,14,2015
Mark Ingram,14,33.0,RB,201.4,14,2015
Emmanuel Sanders,15,31.0,WR,224.4,13,2015
Julian Edelman,16,43.0,WR,172.5,18,2015
Andre Ellington,15,37.0,RB,74.7,18,2015
Andre Johnson,17,39.0,WR,115.3,15,2015
C.J. Spiller,16,55.0,RB,81.10000000000002,25,2015
Keenan Allen,18,46.0,WR,161.5,19,2015
Latavius Murray,17,35.0,RB,204.8,16,2015
Jonathan Stewart,18,48.0,RB,162.8,23,2015
Amari Cooper,19,40.0,WR,212.7,16,2015
Alfred Morris,19,36.0,RB,96.6,17,2015
Jimmy Graham,2,30.0,TE,120.5,2,2015
Golden Tate,20,41.0,WR,209.4,17,2015
Brandon Marshall,21,58.0,WR,339.2,23,2015
Melvin Gordon,20,34.0,RB,108.3,15,2015
Greg Olsen,3,51.0,TE,227.4,3,2015
Allen Robinson,22,62.0,WR,304.0,24,2015
Jarvis Landry,23,47.0,WR,267.36,20,2015
Ameer Abdullah,21,44.0,RB,117.0,21,2015
Jeremy Maclin,24,49.0,WR,243.2,21,2015
Russell Wilson,3,59.0,QB,336.2600000000001,5,2015
Travis Kelce,4,52.0,TE,185.5,4,2015
Carlos Hyde,22,38.0,RB,81.3,19,2015
Davante Adams,25,67.0,WR,104.3,27,2015
T.J. Yeldon,23,56.0,RB,155.9,26,2015
Peyton Manning,4,53.0,QB,91.36,3,2015
Drew Brees,5,57.0,QB,304.2,4,2015
Sammy Watkins,26,54.0,WR,218.8,22,2015
Ben Roethlisberger,6,61.0,QB,212.12,6,2015
Giovani Bernard,24,63.0,RB,181.2,28,2015
Doug Martin,25,60.0,RB,232.3,27,2015
Martellus Bennett,5,66.0,TE,114.9,5,2015
Vincent Jackson,27,69.0,WR,105.3,28,2015
Larry Fitzgerald,28,87.0,WR,280.5,34,2015
DeSean Jackson,29,64.0,WR,104.8,25,2015
Todd Gurley,27,45.0,RB,208.4,22,2015
Joseph Randle,28,42.0,RB,74.1,20,2015
Steve Smith,30,91.0,WR,131.0,36,2015
Roddy White,31,83.0,WR,99.6,32,2015
Matt Ryan,7,72.0,QB,231.94,7,2015
Eric Decker,32,88.0,WR,252.7,35,2015
Anquan Boldin,33,98.0,WR,169.9,38,2015
Tony Romo,8,79.0,QB,40.66,8,2015
LeGarrette Blount,29,75.0,RB,122.6,31,2015
Shane Vereen,30,73.0,RB,158.5,30,2015
Arian Foster,31,50.0,RB,77.0,24,2015
Charles Johnson,34,74.0,WR,21.7,30,2015
John Brown,35,85.0,WR,207.5,33,2015
Joique Bell,32,71.0,RB,105.7,29,2015
Rashad Jennings,33,78.0,RB,164.89999999999995,33,2015
Nelson Agholor,36,70.0,WR,55.3,29,2015
Tom Brady,9,80.0,QB,344.7000000000001,9,2015
Kendall Wright,37,106.0,WR,96.5,41,2015
Jason Witten,6,93.0,TE,164.3,7,2015
Mike Wallace,38,77.0,WR,98.9,31,2015
Delanie Walker,7,111.0,TE,242.4,9,2015
Jordan Cameron,8,84.0,TE,91.6,6,2015
Pierre Garcon,39,114.0,WR,185.7,44,2015
Ryan Tannehill,10,82.0,QB,256.32,11,2015
Devonta Freeman,34,92.0,RB,316.4,36,2015
Danny Woodhead,35,110.0,RB,243.1,42,2015
Eli Manning,11,95.0,QB,287.38,12,2015
Cam Newton,12,104.0,QB,389.08,13,2015
Marques Colston,40,113.0,WR,121.0,43,2015
Tevin Coleman,36,76.0,RB,42.6,32,2015
Devin Funchess,41,107.0,WR,106.3,42,2015
Torrey Smith,42,105.0,WR,123.3,40,2015
Matthew Stafford,13,81.0,QB,290.78,10,2015
Zach Ertz,9,108.0,TE,170.3,8,2015
Isaiah Crowell,37,86.0,RB,137.8,34,2015
Duke Johnson,38,99.0,RB,164.3,39,2015
Eddie Royal,43,128.0,WR,66.7,47,2015
Brandon LaFell,44,101.0,WR,89.4,39,2015
Tyler Eifert,10,122.0,TE,191.5,11,2015
Bishop Sankey,39,96.0,RB,57.2,38,2015
Philip Rivers,14,109.0,QB,280.48,14,2015
Reggie Bush,40,127.0,RB,8.7,45,2015
Kyle Rudolph,11,132.0,TE,128.5,13,2015
Michael Floyd,45,97.0,WR,172.9,37,2015
Ryan Mathews,41,94.0,RB,124.5,37,2015
Martavis Bryant,47,65.0,WR,170.2,26,2015
Julius Thomas,12,115.0,TE,121.5,10,2015
Brian Quick,48,142.0,WR,20.2,52,2015
Tre Mason,42,89.0,RB,51.5,35,2015
Larry Donnell,13,178.0,TE,63.3,21,2015
Markus Wheaton,49,130.0,WR,148.9,48,2015
Steve Johnson,50,139.0,WR,112.7,51,2015
Sam Bradford,15,112.0,QB,194.9,15,2015
Heath Miller,14,215.0,TE,125.7,25,2015
Austin Seferian-Jenkins,15,147.0,TE,78.8,17,2015
Roy Helu,43,149.0,RB,26.4,49,2015
Owen Daniels,16,133.0,TE,115.7,14,2015
Dwayne Allen,17,140.0,TE,33.0,16,2015
Darren McFadden,44,100.0,RB,193.7,40,2015
Antonio Gates,18,138.0,TE,149.0,15,2015
David Johnson,45,124.0,RB,209.8,43,2015
David Johnson,45,124.0,TE,-0.20000000000000015,12,2015
Jordan Reed,19,193.0,TE,244.2,22,2015
Charles Sims,46,131.0,RB,180.0,47,2015
Alfred Blue,47,102.0,RB,111.7,41,2015
Darren Sproles,48,119.0,WR,149.5,46,2015
Rueben Randle,51,167.0,WR,184.7,59,2015
David Cobb,49,126.0,RB,21.4,44,2015
Charles Clay,20,229.0,TE,121.8,26,2015
Teddy Bridgewater,16,123.0,QB,198.44,16,2015
Colin Kaepernick,17,135.0,QB,108.2,17,2015
Michael Crabtree,54,137.0,WR,231.2,50,2015
Vernon Davis,21,159.0,TE,77.5,19,2015
Terrance Williams,55,116.0,WR,154.0,45,2015
Josh Hill,22,156.0,TE,40.0,18,2015
Kenny Stills,56,134.0,WR,89.0,49,2015
Joe Flacco,18,136.0,QB,159.94,18,2015
Matt Jones,50,158.0,RB,114.4,52,2015
Carson Palmer,19,145.0,QB,309.24,19,2015
Marvin Jones,57,164.0,WR,173.9,57,2015
Knile Davis,51,129.0,RB,17.6,46,2015
Doug Baldwin,58,170.0,WR,268.9,60,2015
Andre Williams,52,144.0,RB,33.4,48,2015
Coby Fleener,23,146.0,WR,121.1,53,2015
Ladarius Green,24,198.0,TE,103.9,23,2015
Eric Ebron,25,163.0,TE,130.7,20,2015
Jerick McKinnon,53,208.0,RB,83.4,57,2015
Dwayne Bowe,59,211.0,WR,10.3,70,2015
Richard Rodgers,26,203.0,TE,158.1,24,2015
Jay Cutler,20,154.0,QB,224.46,20,2015
Percy Harvin,60,151.0,WR,49.9,54,2015
Ronnie Hillman,54,152.0,RB,161.4,51,2015
Andy Dalton,21,171.0,QB,244.2,22,2015
Denard Robinson,55,174.0,WR,68.0,62,2015
Jared Cook,27,268.0,TE,85.1,29,2015
Lance Dunbar,56,258.0,RB,49.2,71,2015
Cody Latimer,61,182.0,WR,18.0,63,2015
Allen Hurns,62,207.0,WR,225.1,69,2015
Brandon Coleman,63,161.0,WR,87.4,56,2015
Jay Ajayi,57,177.0,RB,40.7,54,2015
Terrance West,58,235.0,RB,25.200000000000006,62,2015
Cecil Shorts,64,255.0,WR,109.94,78,2015
Phillip Dorsett,65,165.0,WR,46.2,58,2015
Jeff Janis,66,201.0,WR,9.9,65,2015
Jonas Gray,60,166.0,RB,32.2,53,2015
Kenny Britt,67,219.0,WR,122.1,71,2015
James White,61,191.0,RB,122.6,56,2015
Malcom Floyd,68,250.0,WR,102.1,76,2015
Dorial Green-Beckham,69,160.0,WR,110.9,55,2015
Javorius Allen,63,238.0,RB,145.7,64,2015
Jameis Winston,22,162.0,QB,272.98,21,2015
Khiry Robinson,64,264.0,RB,70.5,74,2015
Mychal Rivera,28,262.0,TE,66.0,28,2015
Marcus Mariota,23,180.0,QB,205.02,24,2015
Theo Riddick,65,254.0,RB,179.0,68,2015
Alex Smith,24,224.0,QB,267.24,32,2015
Alex Smith,24,224.0,0,0.0,1,2015
DeAngelo Williams,66,150.0,RB,229.4,50,2015
Chris Polk,67,227.0,RB,72.3,60,2015
Cameron Artis-Payne,68,188.0,RB,35.1,55,2015
Maxx Williams,30,241.0,TE,64.8,27,2015
Andrew Hawkins,71,304.0,WR,52.6,90,2015
Ty Montgomery,72,172.0,WR,42.0,61,2015
Derek Carr,25,181.0,QB,269.28000000000003,25,2015
Donte Moncrief,73,202.0,WR,173.3,66,2015
Lorenzo Taliaferro,70,284.0,RB,18.6,78,2015
Marquess Wilson,74,301.0,WR,80.4,89,2015
Marqise Lee,75,261.0,WR,43.9,80,2015
James Starks,71,259.0,RB,166.3,72,2015
Cole Beasley,76,260.0,WR,131.6,79,2015
Rob Housler,31,340.0,TE,7.3,32,2015
Stedman Bailey,77,289.0,WR,36.2,85,2015
Blake Bortles,27,190.0,QB,314.12,28,2015
Leonard Hankerson,78,285.0,WR,76.7,83,2015
Danny Amendola,79,349.0,WR,148.34,99,2015
Tyler Lockett,80,266.0,WR,153.4,81,2015
Jaelen Strong,81,243.0,WR,48.1,75,2015
Karlos Williams,72,216.0,RB,124.3,58,2015
Jerricho Cotchery,82,350.0,WR,107.1,100,2015
Virgil Green,32,292.0,TE,35.3,30,2015
Brian Hartline,84,296.0,WR,110.3,87,2015
Greg Jennings,85,323.0,WR,45.8,92,2015
Jacob Tamme,33,358.0,TE,130.7,35,2015
Kamar Aiken,86,354.0,WR,197.4,101,2015
Damien Williams,73,299.0,RB,45.1,83,2015
Kirk Cousins,28,308.0,QB,289.44,37,2015
Chris Johnson,74,232.0,RB,107.2,61,2015
Bilal Powell,75,367.0,RB,135.1,92,2015
Nick Foles,29,210.0,QB,94.08,30,2015
Ryan Fitzpatrick,30,173.0,QB,285.2,23,2015
Branden Oliver,76,220.0,RB,35.0,59,2015
Mohamed Sanu,88,200.0,WR,91.5,64,2015
Josh Huff,89,293.0,WR,76.2,86,2015
Antone Smith,77,339.0,RB,1.1,87,2015
Stevan Ridley,78,263.0,RB,12.8,73,2015
Benny Cunningham,79,369.0,RB,65.0,93,2015
Geno Smith,31,303.0,QB,20.0,36,2015
Matt Cassel,32,189.0,QB,64.83999999999999,27,2015
Harry Douglas,90,311.0,WR,86.5,91,2015
Tyrod Taylor,33,222.0,QB,269.6,31,2015
Josh McCown,34,249.0,QB,128.16000000000003,34,2015
Jonathan Grimes,80,388.0,RB,83.5,95,2015
Mark Sanchez,35,325.0,QB,32.84,40,2015
De'Anthony Thomas,81,343.0,WR,44.4,95,2015
Justin Hunter,91,297.0,WR,54.4,88,2015
Robert Woods,92,330.0,WR,118.2,94,2015
Brian Hoyer,37,185.0,QB,166.64,26,2015
Bernard Pierce,82,396.0,RB,4.800000000000002,97,2015
Garrett Graham,34,405.0,RB,13.0,98,2015
Marcedes Lewis,35,438.0,TE,38.6,52,2015
Rod Streater,93,430.0,WR,1.8,119,2015
Jeremy Langford,83,290.0,RB,145.6,80,2015
Nate Washington,94,348.0,WR,136.8,98,2015
Brandon Bolden,84,351.0,RB,69.7,89,2015
Jacquizz Rodgers,85,370.0,RB,6.1,94,2015
Darren Fells,36,432.0,TE,70.1,48,2015
Clive Walford,38,360.0,TE,78.9,36,2015
Jarius Wright,95,395.0,WR,79.10000000000002,112,2015
Travaris Cadet,86,327.0,RB,45.2,86,2015
Toby Gerhart,87,237.0,RB,9.7,63,2015
Jeremy Kerley,96,428.0,WR,43.2,117,2015
Aaron Dobson,97,385.0,WR,27.1,108,2015
Jeff Cumberland,39,353.0,TE,12.7,34,2015
Jermaine Kearse,98,361.0,WR,147.5,104,2015
Dexter McCluster,99,346.0,WR,89.7,96,2015
Taylor Gabriel,100,402.0,WR,50.1,114,2015
Scott Chandler,40,352.0,TE,72.9,33,2015
Albert Wilson,101,407.0,WR,94.7,115,2015
Brent Celek,41,393.0,TE,84.8,42,2015
Juwan Thompson,89,274.0,RB,15.9,77,2015
Josh Robinson,90,286.0,RB,11.2,79,2015
Cordarrelle Patterson,102,253.0,WR,2.5,77,2015
Devin Smith,103,383.0,WR,24.5,107,2015
Hakeem Nicks,104,355.0,WR,12.4,102,2015
Nick Toon,105,279.0,0,0.0,2,2015
Zac Stacy,91,298.0,RB,30.4,82,2015
Riley Cooper,106,204.0,WR,65.7,67,2015
Tavon Austin,107,287.0,WR,192.7,84,2015
Lance Kendricks,42,410.0,TE,61.5,45,2015
Tim Wright,43,387.0,TE,28.7,40,2015
Crockett Gillmore,44,377.0,TE,98.2,38,2015
Andre Holmes,108,366.0,WR,58.1,105,2015
Andre Roberts,109,427.0,WR,24.5,116,2015
Jermaine Gresham,45,397.0,TE,46.3,43,2015
Chris Conley,110,328.0,WR,42.9,93,2015
Andrew Quarless,46,333.0,TE,7.1,31,2015
Matt Asiata,92,256.0,RB,43.40000000000001,69,2015
Robert Turbin,93,317.0,RB,35.2,84,2015
Christine Michael,94,271.0,RB,28.9,76,2015
Dion Sims,47,441.0,TE,34.7,53,2015
Gary Barnidge,48,364.0,TE,237.3,37,2015
Gavin Escobar,49,390.0,TE,18.4,41,2015
Daniel Fells,50,,TE,12.0,54,2015
Ted Ginn,111,,WR,183.9,122,2015
Ed Dickson,51,,TE,41.1,55,2015
Johnny Manziel,38,315.0,QB,95.0,38,2015
Zach Zenner,95,267.0,RB,9.1,75,2015
Levine Toilolo,52,433.0,TE,11.4,49,2015
Jimmy Garoppolo,39,324.0,QB,-0.26,39,2015
Rhett Ellison,53,,TE,29.4,56,2015
Luke Willson,54,409.0,TE,44.3,44,2015
C.J. Fiedorowicz,55,,TE,37.7,57,2015
Bobby Rainey,96,389.0,RB,4.4,96,2015
Marcel Reece,97,295.0,RB,78.5,81,2015
Ryan Mallett,40,300.0,QB,68.94,35,2015
Rishard Matthews,112,,WR,133.6,123,2015
Michael Campanaro,113,,WR,16.2,124,2015
Tyler Kroft,56,380.0,TE,29.9,39,2015
Sammie Coates,114,275.0,WR,2.1,82,2015
Dri Archer,98,374.0,0,0.0,3,2015
Jaron Brown,115,,WR,31.4,125,2015
Mike Tolbert,99,341.0,RB,83.0,88,2015
Bruce Ellington,116,,WR,27.0,126,2015
Ryan Grant,117,,WR,61.8,127,2015
Clay Harbor,57,,TE,34.9,58,2015
Louis Murphy,118,429.0,WR,29.8,118,2015
Jamison Crowder,119,392.0,WR,129.6,111,2015
Charcandrick West,100,,RB,132.8,100,2015
Colt McCoy,41,404.0,QB,8.82,41,2015
Zach Mettenberger,42,417.0,QB,42.2,43,2015
Troy Niklas,59,434.0,TE,19.3,50,2015
Chris Matthews,120,391.0,WR,34.1,110,2015
Corey Fuller,121,,WR,9.6,128,2015
Jack Doyle,60,,TE,25.2,59,2015
Brandon Myers,61,412.0,TE,24.7,47,2015
Darrel Young,101,437.0,RB,9.2,99,2015
Justin Hardy,122,347.0,WR,40.4,97,2015
Anthony Dixon,102,319.0,RB,20.8,85,2015
Ryan Griffin,62,,TE,57.1,60,2015
Vance McDonald,64,,WR,80.6,129,2015
Matt Spaeth,65,,TE,3.0,61,2015
Jesse James,66,,TE,19.6,62,2015
Cooper Helfet,67,,TE,26.0,63,2015
Chris Hogan,125,356.0,WR,93.56,103,2015
Jordan Todman,103,363.0,RB,2.2,91,2015
Brandon Pettigrew,68,411.0,TE,19.7,46,2015
Quinton Patton,126,386.0,WR,75.9,109,2015
Kendall Hunter,104,245.0,RB,0.2,67,2015
Craig Stevens,69,,TE,36.1,64,2015
Fozzy Whittaker,105,362.0,RB,35.2,90,2015
MarQueis Gray,70,,TE,1.2,65,2015
Devin Street,127,,WR,22.4,130,2015
Ka'Deem Carey,106,257.0,RB,36.8,70,2015
Cedric Peerman,107,,0,0.0,4,2015
Tony Moeaki,71,,TE,14.8,66,2015
Jimmy Clausen,43,192.0,QB,33.160000000000004,29,2015
Demetrius Harris,72,,TE,20.4,67,2015
John Kuhn,108,240.0,RB,26.4,65,2015
James Hanna,74,,TE,16.9,68,2015
Donald Brown,109,,RB,45.7,101,2015
Marlon Brown,128,373.0,WR,25.2,106,2015
Zurlon Tipton,111,,RB,12.7,102,2015
Anthony Fasano,75,435.0,TE,66.9,51,2015
Miles Austin,129,400.0,WR,41.4,113,2015
Brandon Williams,76,,0,0.0,5,2015
Kyle Juszczyk,112,244.0,RB,97.4,66,2015
Patrick DiMarco,113,,RB,36.0,103,2015
Jeremy Ross,130,443.0,WR,12.0,121,2015
Chris Thompson,115,,RB,92.6,104,2015
Travis Benjamin,131,223.0,WR,191.8,72,2015
Anthony Sherman,116,,RB,7.4,105,2015
Kerwynn Williams,117,,RB,21.8,106,2015
Andre Caldwell,132,,WR,29.5,131,2015
Darrius Heyward-Bey,133,,WR,64.4,132,2015
Dwayne Harris,137,,RB,100.8,107,2015
Tommy Bohanon,120,,RB,9.8,108,2015
Marquise Goodwin,139,,WR,4.4,133,2015
Chris Givens,141,206.0,WR,63.1,68,2015
Jared Abbrederis,142,230.0,WR,20.1,73,2015
Drew Stanton,45,416.0,QB,-1.14,42,2015
Brock Osweiler,46,233.0,QB,116.78,33,2015
Ricardo Lockette,144,,WR,16.9,134,2015
Jason Avant,145,442.0,WR,26.9,120,2015
Jordan Norwood,146,236.0,WR,42.7,74,2015
Antonio Brown,1,1.0,WR,307.2999999999999,1,2016
Julio Jones,2,2.0,WR,259.9,2,2016
David Johnson,1,4.0,RB,405.8,1,2016
David Johnson,1,4.0,WR,15.0,3,2016
Todd Gurley,2,5.0,RB,198.2,2,2016
A.J. Green,4,7.0,WR,186.4,5,2016
DeAndre Hopkins,5,6.0,WR,197.4,4,2016
Rob Gronkowski,1,11.0,TE,97.0,1,2016
Ezekiel Elliott,3,10.0,RB,325.4,4,2016
Lamar Miller,4,12.0,RB,191.1,5,2016
Allen Robinson,6,9.0,WR,197.3,6,2016
Adrian Peterson,5,8.0,RB,9.0,3,2016
Keenan Allen,7,15.0,WR,12.3,8,2016
Dez Bryant,8,13.0,WR,180.0,7,2016
Brandon Marshall,9,16.0,WR,155.8,9,2016
Mike Evans,10,20.0,WR,300.1,11,2016
Devonta Freeman,7,17.0,RB,284.1,6,2016
Jordy Nelson,11,19.0,WR,304.7,10,2016
Alshon Jeffery,12,21.0,WR,146.1,12,2016
Mark Ingram,8,24.0,RB,238.2,8,2016
Brandin Cooks,13,23.0,WR,246.3,14,2016
Amari Cooper,14,22.0,WR,228.3,13,2016
LeSean McCoy,9,25.0,RB,296.3,9,2016
Jamaal Charles,10,18.0,RB,13.4,7,2016
Eddie Lacy,11,26.0,RB,42.8,10,2016
Jarvis Landry,15,30.0,WR,229.3,18,2016
T.Y. Hilton,16,28.0,WR,271.8,16,2016
Doug Martin,12,31.0,RB,85.5,11,2016
Sammy Watkins,17,29.0,WR,83.0,17,2016
Demaryius Thomas,18,27.0,WR,224.3,15,2016
C.J. Anderson,13,35.0,RB,102.5,12,2016
Randall Cobb,19,32.0,WR,148.3,19,2016
Julian Edelman,20,33.0,WR,228.3,20,2016
Jeremy Maclin,21,36.0,WR,109.5,21,2016
Cam Newton,1,37.0,QB,250.26,1,2016
Jordan Reed,2,34.0,TE,168.6,2,2016
Golden Tate,22,38.0,WR,221.1,22,2016
Aaron Rodgers,2,43.0,QB,376.02,2,2016
Latavius Murray,14,41.0,RB,208.2,14,2016
Carlos Hyde,15,44.0,RB,190.1,16,2016
Eric Decker,23,47.0,WR,40.4,25,2016
Matt Forte,16,40.0,RB,183.6,13,2016
Donte Moncrief,24,46.0,WR,102.6,24,2016
Greg Olsen,3,45.0,TE,205.3,3,2016
Danny Woodhead,17,53.0,RB,27.1,19,2016
Doug Baldwin,25,49.0,WR,253.6,26,2016
Russell Wilson,3,56.0,QB,268.06,4,2016
DeMarco Murray,18,48.0,RB,293.7999999999999,17,2016
Larry Fitzgerald,26,50.0,WR,243.8,27,2016
Giovani Bernard,19,61.0,RB,122.3,22,2016
Thomas Rawls,20,42.0,RB,75.5,15,2016
Andrew Luck,4,54.0,QB,303.7000000000001,3,2016
Jordan Matthews,27,55.0,WR,171.4,29,2016
Michael Floyd,28,52.0,WR,115.8,28,2016
Travis Kelce,4,57.0,TE,221.0,4,2016
Kelvin Benjamin,29,39.0,WR,197.1,23,2016
Duke Johnson,21,59.0,RB,144.2,21,2016
Jeremy Hill,22,58.0,RB,176.3,20,2016
Drew Brees,5,64.0,QB,332.32,5,2016
Delanie Walker,5,60.0,TE,188.1,5,2016
Jeremy Langford,23,51.0,RB,73.2,18,2016
Ryan Mathews,24,63.0,RB,140.6,23,2016
Emmanuel Sanders,30,62.0,WR,212.6,30,2016
Marvin Jones,31,65.0,WR,172.3,31,2016
Jonathan Stewart,25,72.0,RB,146.4,27,2016
Melvin Gordon,26,70.0,RB,250.6,25,2016
Frank Gore,27,75.0,RB,214.2,28,2016
Michael Crabtree,32,77.0,WR,237.3,35,2016
Coby Fleener,6,66.0,TE,137.29999999999998,6,2016
John Brown,33,67.0,WR,103.7,32,2016
Tyler Lockett,34,73.0,WR,124.1,34,2016
Ben Roethlisberger,6,74.0,QB,246.16,6,2016
Arian Foster,28,68.0,RB,19.3,24,2016
Allen Hurns,35,69.0,WR,100.7,33,2016
Carson Palmer,7,80.0,QB,241.12,7,2016
Ameer Abdullah,29,81.0,RB,26.8,29,2016
Rashad Jennings,30,82.0,RB,138.4,30,2016
Matt Jones,31,71.0,RB,75.3,26,2016
Charles Sims,32,87.0,RB,67.9,32,2016
DeSean Jackson,36,83.0,WR,180.5,36,2016
Gary Barnidge,7,91.0,TE,128.2,9,2016
Eli Manning,8,94.0,QB,224.18000000000004,9,2016
Zach Ertz,8,84.0,TE,183.6,7,2016
T.J. Yeldon,33,92.0,RB,137.7,34,2016
Theo Riddick,34,98.0,RB,161.8,37,2016
Blake Bortles,9,88.0,QB,267.1,8,2016
Philip Rivers,10,101.0,QB,258.94,10,2016
Willie Snead,39,99.0,WR,191.5,40,2016
Julius Thomas,9,90.0,TE,82.1,8,2016
Antonio Gates,10,100.0,TE,147.8,10,2016
Sterling Shepard,40,93.0,WR,184.4,38,2016
Chris Ivory,35,89.0,RB,94.5,33,2016
Kevin White,41,86.0,WR,38.6,37,2016
Corey Coleman,42,102.0,WR,93.3,41,2016
Stefon Diggs,43,97.0,WR,193.3,39,2016
Bilal Powell,36,104.0,WR,197.0,42,2016
DeAngelo Williams,37,85.0,RB,100.1,31,2016
Vincent Jackson,44,121.0,WR,32.3,48,2016
Tavon Austin,45,114.0,WR,146.8,45,2016
Justin Forsett,38,95.0,RB,61.6,35,2016
Dwayne Allen,12,115.0,TE,111.6,12,2016
Travis Benjamin,46,113.0,WR,132.39999999999998,44,2016
Tyrod Taylor,12,124.0,QB,266.92,13,2016
Derrick Henry,39,96.0,RB,105.7,36,2016
Isaiah Crowell,40,107.0,RB,205.1,40,2016
Kamar Aiken,47,111.0,WR,67.8,43,2016
Martellus Bennett,13,109.0,TE,168.1,11,2016
Jay Ajayi,41,106.0,RB,215.3,39,2016
Derek Carr,13,108.0,QB,258.48,11,2016
Kirk Cousins,14,117.0,QB,300.2800000000001,12,2016
Torrey Smith,48,116.0,WR,64.7,46,2016
James White,42,125.0,RB,161.7,44,2016
Matthew Stafford,15,126.0,QB,277.78000000000003,14,2016
Jason Witten,14,129.0,TE,152.3,14,2016
Devin Funchess,49,122.0,WR,84.1,49,2016
Markus Wheaton,50,119.0,WR,15.1,47,2016
Jameis Winston,16,127.0,QB,250.1,15,2016
Tevin Coleman,43,110.0,RB,191.1,41,2016
LeGarrette Blount,44,105.0,RB,232.9,38,2016
Andy Dalton,17,145.0,QB,260.64,17,2016
Mohamed Sanu,51,133.0,WR,146.8,52,2016
Eric Ebron,15,130.0,TE,144.2,15,2016
Darren Sproles,45,120.0,RB,162.5,43,2016
Steve Smith,52,141.0,WR,179.9,55,2016
Shane Vereen,46,132.0,RB,38.2,45,2016
Phillip Dorsett,53,140.0,WR,98.8,54,2016
Michael Thomas,54,123.0,WR,255.7,50,2016
Rishard Matthews,55,151.0,WR,211.5,57,2016
Marcus Mariota,18,144.0,QB,259.94,16,2016
Zach Miller,16,148.0,TE,119.6,16,2016
Jimmy Graham,17,118.0,TE,189.3,13,2016
Jerick McKinnon,47,135.0,RB,146.4,46,2016
DeAndre Washington,48,153.0,RB,85.2,50,2016
Matt Ryan,19,146.0,QB,343.46,18,2016
Christine Michael,49,137.0,RB,137.0,47,2016
Tajae Sharpe,56,139.0,WR,105.3,53,2016
Mike Wallace,57,167.0,WR,200.8,61,2016
Tyler Boyd,58,158.0,WR,124.1,58,2016
Ryan Tannehill,20,166.0,QB,188.2,19,2016
Charles Clay,18,174.0,TE,136.2,20,2016
Pierre Garcon,59,182.0,WR,201.1,64,2016
Spencer Ware,50,168.0,RB,193.8,54,2016
Jared Cook,19,150.0,TE,71.7,17,2016
Chris Thompson,51,157.0,RB,147.5,52,2016
Dion Lewis,52,112.0,RB,54.7,42,2016
C.J. Prosise,53,159.0,RB,61.0,53,2016
James Starks,54,149.0,RB,58.9,49,2016
Laquon Treadwell,60,131.0,WR,2.5,51,2016
Ryan Fitzpatrick,21,183.0,QB,133.4,20,2016
Javorius Allen,55,170.0,RB,7.9,55,2016
Devontae Booker,56,138.0,RB,142.7,48,2016
Clive Walford,20,200.0,TE,86.9,21,2016
Kenneth Dixon,57,189.0,RB,102.4,59,2016
Chris Hogan,61,165.0,WR,128.9,60,2016
Will Fuller,62,171.0,WR,122.2,62,2016
Anquan Boldin,63,216.0,WR,173.4,75,2016
Sammie Coates,64,147.0,WR,77.9,56,2016
Vance McDonald,21,207.0,TE,87.1,22,2016
Dorial Green-Beckham,65,162.0,WR,87.2,59,2016
Kendall Wright,66,198.0,WR,90.1,68,2016
Terrance Williams,67,213.0,WR,125.4,74,2016
Austin Seferian-Jenkins,22,163.0,TE,34.4,19,2016
Jordan Cameron,23,214.0,TE,20.0,24,2016
Shaun Draughn,58,222.0,RB,108.9,65,2016
Kyle Rudolph,24,233.0,TE,209.0,26,2016
Ladarius Green,25,160.0,TE,54.4,18,2016
Josh Doctson,68,209.0,WR,8.6,73,2016
Joe Flacco,22,215.0,QB,234.48,25,2016
Jay Cutler,23,231.0,QB,46.76,27,2016
Jordan Howard,59,188.0,RB,230.1,58,2016
Chris Johnson,60,175.0,RB,15.5,56,2016
Terrance West,61,195.0,RB,171.0,60,2016
Tony Romo,24,186.0,QB,5.16,21,2016
Virgil Green,26,237.0,TE,51.7,27,2016
Will Tye,27,240.0,TE,93.5,28,2016
Kenny Stills,69,193.0,WR,168.6,67,2016
Darren McFadden,62,230.0,RB,13.4,68,2016
Tim Hightower,63,228.0,RB,126.8,67,2016
Ted Ginn,70,191.0,WR,159.0,65,2016
Nelson Agholor,72,192.0,WR,85.9,66,2016
C.J. Spiller,64,241.0,RB,18.8,70,2016
Jamison Crowder,73,251.0,WR,191.5,82,2016
Robert Woods,74,248.0,WR,118.9,81,2016
Alex Smith,25,225.0,QB,220.78000000000003,26,2016
Breshad Perriman,75,204.0,WR,101.1,70,2016
Robert Griffin,26,194.0,QB,66.44,22,2016
Alfred Morris,65,154.0,RB,40.4,51,2016
Davante Adams,76,236.0,WR,244.7,77,2016
Brandon LaFell,77,270.0,WR,186.0,88,2016
Charcandrick West,66,179.0,RB,94.1,57,2016
Dak Prescott,27,197.0,QB,286.88,23,2016
Paul Perkins,67,205.0,RB,76.8,62,2016
Jesse James,28,258.0,TE,90.8,29,2016
Eli Rogers,78,245.0,WR,126.0,79,2016
Jermaine Kearse,79,246.0,WR,98.0,80,2016
Wendell Smallwood,68,201.0,RB,46.7,61,2016
Benny Cunningham,69,278.0,RB,35.2,80,2016
Brock Osweiler,28,203.0,QB,168.98,24,2016
Jaelen Strong,80,199.0,WR,27.1,69,2016
Andre Ellington,70,255.0,RB,30.1,74,2016
Kenny Britt,81,292.0,WR,196.2,94,2016
Reggie Bush,71,249.0,RB,21.7,72,2016
Terrelle Pryor,82,180.0,WR,211.44,63,2016
Cameron Artis-Payne,73,257.0,RB,28.5,75,2016
Chris Conley,83,283.0,WR,97.0,93,2016
Ronnie Hillman,74,221.0,RB,29.4,64,2016
Cameron Brate,29,272.0,TE,171.0,32,2016
Mike Gillislee,75,290.0,RB,125.7,83,2016
Josh Ferguson,76,212.0,RB,35.6,63,2016
Robert Kelley,77,262.0,RB,132.60000000000002,77,2016
Tyler Higbee,30,254.0,WR,25.5,84,2016
Lance Dunbar,78,243.0,RB,37.3,71,2016
Danny Amendola,84,267.0,WR,69.3,87,2016
Richard Rodgers,31,266.0,TE,69.1,31,2016
Kenjon Barner,79,232.0,RB,34.1,69,2016
Eddie Royal,85,342.0,WR,81.9,102,2016
Victor Cruz,86,208.0,WR,101.6,72,2016
Kenyan Drake,80,224.0,RB,43.5,66,2016
Seth Roberts,88,322.0,WR,107.7,98,2016
Charles Johnson,89,280.0,WR,43.2,92,2016
Jacob Tamme,32,219.0,TE,61.0,25,2016
Tyler Ervin,81,298.0,RB,1.0999999999999996,84,2016
Austin Hooper,33,,TE,64.1,34,2016
Cole Beasley,90,303.0,WR,189.0,96,2016
Robert Turbin,83,286.0,RB,108.3,81,2016
Braxton Miller,91,260.0,WR,30.9,85,2016
Maxx Williams,34,,0,0.0,1,2016
Andre Johnson,92,347.0,WR,29.5,103,2016
Malcolm Mitchell,93,253.0,RB,96.1,73,2016
Ka'Deem Carey,84,273.0,RB,23.1,78,2016
Quinton Patton,94,206.0,WR,77.8,71,2016
Darrius Heyward-Bey,95,317.0,WR,41.4,97,2016
Mike Thomas,96,,WR,4.7,105,2016
Tyrell Williams,97,277.0,WR,216.9,90,2016
Justin Hardy,98,244.0,WR,65.3,78,2016
Khiry Robinson,85,321.0,RB,0.20000000000000015,87,2016
Jonathan Williams,86,287.0,RB,12.4,82,2016
Brandon Coleman,99,252.0,WR,72.1,83,2016
Pharoh Cooper,100,279.0,WR,22.6,91,2016
Zach Zenner,88,276.0,RB,93.0,79,2016
Larry Donnell,35,,TE,28.2,35,2016
Crockett Gillmore,36,293.0,TE,21.1,33,2016
Marqise Lee,101,234.0,WR,172.39999999999995,76,2016
Dontrelle Inman,102,335.0,WR,163.0,100,2016
Jacquizz Rodgers,89,,RB,90.8,91,2016
Lance Kendricks,37,,TE,109.9,36,2016
Adam Humphries,104,,WR,131.0,106,2016
Niles Paul,38,,TE,4.7,37,2016
Alfred Blue,90,323.0,RB,62.0,88,2016
Dexter McCluster,91,333.0,WR,10.8,99,2016
DeAndre Smelter,105,,WR,3.3,107,2016
Jace Amaro,39,210.0,TE,8.9,23,2016
Ty Montgomery,106,,RB,140.5,92,2016
Quincy Enunwa,107,,WR,168.89999999999995,108,2016
Sam Bradford,29,271.0,QB,221.88,29,2016
Josh Hill,40,,TE,35.9,38,2016
Mychal Rivera,41,,TE,43.2,39,2016
Hunter Henry,42,265.0,TE,129.8,30,2016
Rashard Higgins,108,,WR,13.7,109,2016
Jeff Janis,109,261.0,WR,36.1,86,2016
Jeremy Kerley,110,,WR,146.7,110,2016
Dennis Pitta,43,,TE,168.9,40,2016
Jared Abbrederis,111,274.0,WR,1.8,89,2016
Antonio Andrews,93,314.0,RB,1.5,85,2016
Brian Quick,112,,WR,115.4,111,2016
Leonte Carroo,113,297.0,WR,11.9,95,2016
Kyle Juszczyk,94,332.0,RB,71.8,89,2016
Brent Celek,44,,TE,29.5,41,2016
Andre Williams,95,,RB,8.7,93,2016
Albert Wilson,115,,WR,81.9,112,2016
Jeff Heuerman,45,,TE,23.1,42,2016
Marcel Reece,96,,RB,12.3,94,2016
Denard Robinson,97,319.0,RB,19.6,86,2016
Jarius Wright,116,,WR,23.7,113,2016
Vernon Davis,46,,WR,114.3,114,2016
Blaine Gabbert,30,288.0,QB,73.7,30,2016
Andrew Hawkins,118,,WR,83.4,115,2016
Mike Tolbert,98,344.0,RB,34.6,90,2016
Jimmy Garoppolo,31,326.0,QB,35.98,33,2016
Mark Sanchez,32,315.0,QB,-0.4799999999999998,32,2016
Jared Goff,33,300.0,QB,53.16,31,2016
Devin Smith,121,,WR,3.0,116,2016
Ryan Griffin,47,,TE,104.2,43,2016
Josh McCown,34,345.0,QB,50.1,34,2016
Case Keenum,35,,QB,111.14,35,2016
Garrett Celek,48,,TE,80.0,44,2016
Paul Richardson,122,,WR,56.3,117,2016
Darren Fells,49,,TE,35.4,45,2016
Cecil Shorts,123,340.0,WR,26.2,101,2016
Shaun Hill,36,,QB,10.18,36,2016
Jalen Richard,99,,RB,115.5,95,2016
Trevor Siemian,37,264.0,QB,189.74,28,2016
Alex Collins,100,259.0,RB,35.9,76,2016
Cordarrelle Patterson,124,,WR,113.6,118,2016
Rashad Greene,125,348.0,WR,6.199999999999998,104,2016
David Johnson,1,1.0,RB,13.0,1,2017
Le'Veon Bell,2,2.0,RB,341.6,2,2017
Antonio Brown,1,3.0,WR,308.3,1,2017
Julio Jones,2,4.0,WR,251.9,2,2017
LeSean McCoy,3,6.0,RB,263.6,3,2017
A.J. Green,4,8.0,WR,226.8,4,2017
Mike Evans,5,7.0,WR,201.1,3,2017
Melvin Gordon,4,10.0,RB,288.1,5,2017
Devonta Freeman,5,9.0,RB,200.2,4,2017
Jordy Nelson,6,11.0,WR,137.2,5,2017
DeMarco Murray,6,13.0,RB,171.5,6,2017
Jay Ajayi,7,15.0,RB,135.1,8,2017
Michael Thomas,7,12.0,WR,258.5,6,2017
Jordan Howard,8,14.0,RB,199.7,7,2017
Doug Baldwin,8,23.0,WR,221.3,10,2017
Dez Bryant,9,17.0,WR,186.4,7,2017
Amari Cooper,10,18.0,WR,158.4,8,2017
Todd Gurley,9,19.0,RB,383.3,10,2017
Brandin Cooks,11,24.0,WR,219.2,11,2017
T.Y. Hilton,12,21.0,WR,175.6,9,2017
Rob Gronkowski,1,20.0,TE,225.4,1,2017
Demaryius Thomas,13,28.0,WR,205.9,13,2017
DeAndre Hopkins,14,27.0,WR,309.8,12,2017
Isaiah Crowell,10,33.0,RB,141.5,14,2017
Keenan Allen,15,32.0,WR,278.2,15,2017
Leonard Fournette,11,25.0,RB,230.2,11,2017
Travis Kelce,2,35.0,TE,233.5,2,2017
Ezekiel Elliott,12,16.0,RB,203.2,9,2017
Lamar Miller,13,29.0,RB,193.5,13,2017
Alshon Jeffery,16,37.0,WR,189.9,16,2017
Terrelle Pryor,17,31.0,WR,50.0,14,2017
Michael Crabtree,18,39.0,WR,167.8,18,2017
Larry Fitzgerald,19,47.0,WR,259.44,23,2017
Dalvin Cook,14,34.0,RB,65.4,15,2017
Allen Robinson,20,46.0,WR,2.7,22,2017
Golden Tate,21,45.0,WR,222.5,21,2017
Christian McCaffrey,15,26.0,RB,228.6,12,2017
Aaron Rodgers,1,22.0,QB,129.6,1,2017
Kareem Hunt,16,58.0,RB,295.2,20,2017
Davante Adams,22,38.0,WR,222.5,17,2017
Carlos Hyde,17,43.0,RB,233.8,18,2017
Tom Brady,2,30.0,QB,291.88000000000005,2,2017
Ty Montgomery,18,41.0,WR,91.6,19,2017
Marshawn Lynch,19,36.0,RB,164.2,16,2017
Greg Olsen,3,49.0,TE,42.1,3,2017
Jarvis Landry,23,44.0,WR,260.0,20,2017
Drew Brees,3,42.0,QB,262.56,3,2017
Jordan Reed,4,50.0,TE,60.1,4,2017
Stefon Diggs,24,53.0,WR,198.2,27,2017
Mark Ingram,20,56.0,RB,278.0,19,2017
Emmanuel Sanders,25,59.0,WR,114.5,29,2017
Joe Mixon,21,40.0,RB,141.3,17,2017
Bilal Powell,22,60.0,RB,145.2,21,2017
Tyreek Hill,26,48.0,WR,239.2,24,2017
Sammy Watkins,27,54.0,WR,146.3,28,2017
Danny Woodhead,23,62.0,RB,58.6,23,2017
Jamison Crowder,28,63.0,WR,160.3,30,2017
Jimmy Graham,5,57.0,TE,169.0,5,2017
C.J. Anderson,24,61.0,RB,173.1,22,2017
Martavis Bryant,29,51.0,WR,130.5,25,2017
Kelvin Benjamin,30,52.0,WR,135.2,26,2017
Ameer Abdullah,25,64.0,RB,124.4,24,2017
Russell Wilson,4,65.0,QB,343.92,5,2017
Matt Ryan,5,55.0,QB,228.1,4,2017
Willie Snead,31,67.0,WR,15.2,32,2017
Tevin Coleman,26,68.0,RB,167.7,25,2017
Pierre Garcon,32,71.0,WR,90.0,33,2017
Brandon Marshall,33,66.0,WR,33.4,31,2017
Kyle Rudolph,6,70.0,TE,158.2,6,2017
Tyler Eifert,7,75.0,TE,8.6,8,2017
Frank Gore,27,78.0,RB,173.6,29,2017
Jeremy Maclin,34,88.0,WR,102.0,35,2017
Kirk Cousins,6,83.0,QB,277.62,8,2017
Theo Riddick,28,79.0,RB,154.0,30,2017
Zach Ertz,8,80.0,TE,202.4,9,2017
Delanie Walker,9,74.0,TE,174.5,7,2017
Mike Gillislee,29,73.0,RB,68.8,27,2017
Marcus Mariota,7,86.0,QB,210.48,9,2017
Donte Moncrief,36,84.0,WR,77.1,34,2017
DeSean Jackson,37,90.0,WR,138.60000000000002,36,2017
Duke Johnson,30,95.0,RB,216.1,34,2017
Jameis Winston,9,77.0,QB,199.66,6,2017
Doug Martin,31,76.0,RB,74.0,28,2017
Cam Newton,10,91.0,QB,297.48,10,2017
Adrian Peterson,32,72.0,RB,78.9,26,2017
Tyrell Williams,38,97.0,WR,137.8,39,2017
Eric Decker,39,92.0,WR,116.3,37,2017
Paul Perkins,33,81.0,RB,21.6,31,2017
Terrance West,34,99.0,RB,28.1,37,2017
Randall Cobb,40,93.0,WR,157.39999999999995,38,2017
Kenny Britt,41,105.0,WR,57.6,41,2017
Martellus Bennett,10,87.0,TE,58.6,10,2017
Derek Carr,11,82.0,QB,202.44,7,2017
Jordan Matthews,42,110.0,WR,57.2,45,2017
Adam Thielen,43,103.0,WR,239.7,40,2017
Ben Roethlisberger,12,102.0,QB,256.73999999999995,11,2017
Mike Wallace,44,109.0,WR,151.20000000000005,44,2017
James White,35,107.0,RB,134.0,39,2017
Eric Ebron,11,117.0,TE,132.4,12,2017
Robert Kelley,36,94.0,RB,43.2,33,2017
Dak Prescott,13,104.0,QB,260.66,12,2017
Corey Coleman,45,106.0,WR,65.5,42,2017
Philip Rivers,14,114.0,QB,270.40000000000003,14,2017
Matthew Stafford,15,111.0,QB,269.64000000000004,13,2017
Derrick Henry,37,89.0,RB,135.0,32,2017
Hunter Henry,12,101.0,TE,126.9,11,2017
Darren Sproles,38,121.0,RB,18.4,44,2017
C.J. Prosise,39,120.0,RB,17.0,43,2017
Matt Forte,40,116.0,RB,120.4,42,2017
LeGarrette Blount,41,96.0,RB,105.6,35,2017
John Brown,46,122.0,WR,69.9,48,2017
Jack Doyle,13,123.0,TE,169.0,13,2017
Rishard Matthews,47,119.0,WR,156.2,47,2017
Eddie Lacy,42,98.0,RB,28.6,36,2017
Jonathan Stewart,43,115.0,RB,117.2,41,2017
Marvin Jones,48,112.0,WR,225.1,46,2017
Andy Dalton,16,131.0,QB,210.7,16,2017
Darren McFadden,44,100.0,RB,-0.2,38,2017
Corey Davis,49,108.0,WR,69.5,43,2017
Jason Witten,14,138.0,TE,147.0,15,2017
Chris Hogan,50,124.0,WR,109.6,49,2017
Kevin White,51,157.0,WR,2.6,57,2017
Eli Manning,17,129.0,QB,187.32,15,2017
Thomas Rawls,45,113.0,RB,32.099999999999994,40,2017
Ted Ginn,52,140.0,WR,159.6,52,2017
Giovani Bernard,46,145.0,RB,151.7,49,2017
Coby Fleener,15,154.0,TE,63.5,17,2017
Zay Jones,53,125.0,WR,70.6,50,2017
Tyrod Taylor,18,160.0,QB,222.66,19,2017
Sterling Shepard,54,136.0,WR,144.5,51,2017
Austin Hooper,16,147.0,TE,119.6,16,2017
Carson Palmer,19,151.0,QB,102.32,18,2017
Jacquizz Rodgers,47,126.0,RB,46.8,45,2017
Carson Wentz,20,139.0,QB,273.74,17,2017
C.J. Fiedorowicz,17,197.0,TE,26.7,23,2017
Rex Burkhead,48,146.0,RB,129.8,50,2017
Cole Beasley,55,143.0,WR,91.4,54,2017
Robby Anderson,56,153.0,WR,200.0,55,2017
Chris Thompson,49,191.0,RB,151.4,58,2017
Chris Thompson,49,191.0,WR,13.4,64,2017
Samaje Perine,50,128.0,RB,108.5,46,2017
Cameron Brate,18,168.0,TE,143.1,20,2017
Shane Vereen,51,172.0,RB,83.69999999999997,54,2017
Josh Doctson,57,156.0,WR,119.8,56,2017
Julius Thomas,19,164.0,TE,97.8,19,2017
Jeremy Hill,52,150.0,RB,17.2,51,2017
Tyler Lockett,58,163.0,WR,118.3,60,2017
Alvin Kamara,53,166.0,RB,312.4,53,2017
Jamaal Charles,54,141.0,RB,67.5,48,2017
Jamaal Williams,55,135.0,RB,142.8,47,2017
Latavius Murray,56,155.0,RB,157.5,52,2017
Marqise Lee,59,198.0,WR,145.89999999999995,65,2017
Antonio Gates,20,183.0,TE,79.6,21,2017
Kenny Stills,60,188.0,WR,174.7,63,2017
Cooper Kupp,61,142.0,WR,176.9,53,2017
Breshad Perriman,62,206.0,WR,17.7,69,2017
Kenny Golladay,63,162.0,WR,94.6,59,2017
DeAndre Washington,57,196.0,RB,85.0,61,2017
Robert Woods,64,249.0,WR,163.29999999999995,80,2017
Joe Flacco,21,174.0,QB,183.04,20,2017
Charles Sims,58,253.0,RB,73.4,72,2017
Marlon Mack,59,178.0,RB,103.3,55,2017
Jared Cook,21,189.0,TE,132.8,22,2017
Sam Bradford,22,193.0,QB,26.98,22,2017
Kendall Wright,65,307.0,WR,126.4,96,2017
Dion Lewis,60,192.0,RB,197.0,59,2017
Evan Engram,22,159.0,TE,173.6,18,2017
O.J. Howard,23,133.0,TE,101.2,14,2017
Blake Bortles,23,275.0,QB,243.68,28,2017
Jay Cutler,24,175.0,QB,157.83999999999997,21,2017
Mohamed Sanu,66,179.0,WR,174.34,62,2017
Taylor Gabriel,67,171.0,WR,81.7,61,2017
John Ross,69,161.0,WR,-0.8,58,2017
Charles Clay,24,234.0,TE,116.8,26,2017
Devin Funchess,70,223.0,WR,195.0,72,2017
D'Onta Foreman,62,182.0,RB,57.0,56,2017
Alex Smith,25,226.0,QB,295.18,24,2017
David Njoku,25,208.0,TE,94.7,24,2017
Allen Hurns,71,200.0,WR,99.4,67,2017
Jalen Richard,63,202.0,RB,86.1,62,2017
Wendell Smallwood,64,186.0,RB,46.7,57,2017
Torrey Smith,72,218.0,WR,90.7,71,2017
Nelson Agholor,73,243.0,WR,187.5,78,2017
Danny Amendola,74,207.0,WR,138.9,70,2017
T.J. Yeldon,66,210.0,RB,87.7,63,2017
Zach Miller,26,306.0,TE,55.6,30,2017
Tavon Austin,76,225.0,WR,42.7,73,2017
Austin Seferian-Jenkins,27,250.0,TE,101.7,28,2017
Charcandrick West,67,285.0,RB,73.2,80,2017
Chris Conley,77,237.0,WR,28.5,75,2017
Mike Williams,78,241.0,WR,20.5,76,2017
Robert Turbin,68,273.0,RB,25.9,76,2017
Jerick McKinnon,69,280.0,RB,176.1,79,2017
Will Fuller,79,248.0,WR,113.2,79,2017
Chris Carson,71,256.0,RB,39.7,74,2017
Devontae Booker,72,230.0,RB,91.4,69,2017
Brian Hoyer,26,244.0,QB,63.88,25,2017
Jesse James,28,217.0,TE,98.2,25,2017
Dwayne Allen,29,267.0,TE,24.6,29,2017
Vance McDonald,30,341.0,TE,38.8,33,2017
Paul Richardson,80,274.0,WR,150.3,88,2017
Tyler Boyd,81,289.0,WR,56.5,91,2017
Deshaun Watson,27,211.0,QB,164.86,23,2017
De'Angelo Henderson,73,221.0,RB,12.9,67,2017
Trevor Siemian,28,278.0,QB,126.10000000000002,29,2017
Kyle Juszczyk,74,255.0,RB,69.6,73,2017
James Conner,75,194.0,RB,14.4,60,2017
Jeremy Kerley,82,316.0,WR,45.7,98,2017
ArDarius Stewart,83,205.0,WR,16.9,68,2017
Marquise Goodwin,84,294.0,WR,168.6,93,2017
Eli Rogers,85,326.0,WR,36.9,102,2017
Curtis Samuel,86,228.0,WR,32.9,74,2017
Jaron Brown,87,266.0,WR,102.7,86,2017
Jared Goff,29,245.0,QB,255.26,26,2017
Brandon LaFell,88,199.0,WR,124.8,66,2017
Tyler Higbee,32,246.0,TE,60.5,27,2017
Terrance Williams,89,318.0,WR,111.3,99,2017
Jermaine Gresham,33,315.0,TE,77.2,31,2017
Braxton Miller,90,284.0,WR,41.3,90,2017
Chris Ivory,76,233.0,RB,84.7,70,2017
Laquon Treadwell,91,260.0,WR,40.0,83,2017
Tarik Cohen,77,263.0,RB,144.14,75,2017
Orleans Darkwa,78,324.0,RB,135.7,83,2017
Travis Benjamin,92,295.0,WR,124.3,94,2017
Alfred Morris,79,277.0,RB,72.2,78,2017
Matt Breida,80,,RB,103.5,94,2017
Aaron Jones,82,287.0,RB,80.0,81,2017
Michael Floyd,93,329.0,WR,17.8,103,2017
JuJu Smith-Schuster,94,264.0,WR,191.7,85,2017
Dion Sims,34,365.0,TE,39.0,37,2017
Tom Savage,30,309.0,QB,50.67999999999999,32,2017
DeShone Kizer,31,301.0,QB,175.66,31,2017
Mike Glennon,32,311.0,QB,33.72,33,2017
Will Tye,35,,TE,7.8,40,2017
Zach Zenner,84,219.0,RB,8.6,66,2017
Maxx Williams,36,379.0,TE,28.200000000000006,39,2017
Seth Roberts,95,331.0,WR,90.5,104,2017
Adam Humphries,96,332.0,WR,128.7,105,2017
Gerald Everett,39,342.0,TE,51.7,34,2017
Javorius Allen,85,325.0,RB,166.1,84,2017
Markus Wheaton,97,359.0,WR,8.1,110,2017
Vernon Davis,40,336.0,TE,121.8,32,2017
Chris Godwin,99,242.0,WR,92.5,77,2017
Wayne Gallman,86,353.0,RB,104.9,88,2017
Taywan Taylor,100,,WR,49.4,114,2017
Jaelen Strong,101,374.0,WR,12.8,112,2017
Branden Oliver,87,216.0,RB,16.9,65,2017
Charone Peake,102,376.0,WR,1.3,113,2017
Jermaine Kearse,103,308.0,WR,176.0,97,2017
A.J. Derby,41,,TE,55.4,41,2017
Jimmy Garoppolo,34,292.0,QB,87.9,30,2017
Kenyan Drake,89,214.0,RB,140.3,64,2017
Brandon Coleman,104,251.0,WR,73.4,81,2017
Jonnu Smith,43,,TE,45.7,42,2017
Dede Westbrook,105,356.0,WR,66.9,109,2017
Chad Williams,106,,WR,9.4,115,2017
Josh McCown,35,261.0,QB,205.44000000000003,27,2017
Alfred Blue,90,362.0,RB,44.6,89,2017
Trey Burton,46,,TE,77.8,43,2017
Andre Ellington,91,,RB,87.4,95,2017
Kasen Williams,108,304.0,WR,17.4,95,2017
Virgil Green,47,,TE,39.1,44,2017
Lance Dunbar,92,,RB,12.2,96,2017
Nick Boyle,49,361.0,TE,48.3,36,2017
Benny Cunningham,93,,RB,56.9,97,2017
Matt Jones,94,314.0,RB,1.4,82,2017
Deonte Thompson,109,352.0,WR,105.0,107,2017
Phillip Dorsett,110,322.0,WR,32.1,101,2017
Chris Johnson,95,276.0,RB,20.700000000000006,77,2017
George Kittle,50,347.0,TE,106.5,35,2017
Paxton Lynch,36,335.0,QB,14.8,36,2017
Brian Quick,111,,WR,13.6,116,2017
Aldrick Robinson,112,,WR,57.0,117,2017
Brock Osweiler,37,333.0,QB,63.92,34,2017
Rashard Higgins,113,,WR,68.60000000000001,118,2017
Xavier Grimble,52,,TE,14.2,45,2017
Albert Wilson,114,,WR,116.0,119,2017
Luke Willson,53,,TE,54.3,46,2017
Ryan Switzer,117,354.0,WR,8.6,108,2017
Malcolm Brown,97,,RB,44.90000000000001,98,2017
Cody Kessler,38,334.0,QB,2.94,35,2017
Garrett Celek,54,,TE,78.6,47,2017
Josh Gordon,118,272.0,WR,57.5,87,2017
Dontrelle Inman,119,319.0,WR,65.3,100,2017
Clive Walford,55,,TE,17.0,48,2017
Josh Hill,56,,TE,29.700000000000006,49,2017
Lance Kendricks,57,,TE,44.3,50,2017
Andre Holmes,120,367.0,WR,43.0,111,2017
Ryan Griffin,58,,TE,34.8,51,2017
Damien Williams,99,330.0,RB,59.6,85,2017
C.J. Spiller,100,222.0,RB,0.0,68,2017
Kamar Aiken,121,293.0,WR,28.3,92,2017
Adam Shaheen,59,375.0,TE,42.7,38,2017
Mike Tolbert,101,364.0,RB,50.5,90,2017
Leonte Carroo,123,,WR,13.9,120,2017
Pharoh Cooper,124,,WR,18.0,121,2017
Travaris Cadet,102,,RB,37.5,99,2017
Dwayne Washington,104,344.0,RB,7.800000000000002,87,2017
Chester Rogers,125,254.0,WR,58.2,82,2017
Matt Moore,39,371.0,QB,41.34,37,2017
Cordarrelle Patterson,126,279.0,WR,86.0,89,2017
Corey Clement,106,372.0,RB,90.4,92,2017
Geronimo Allison,127,262.0,WR,46.3,84,2017
Elijah McGuire,108,373.0,RB,74.2,93,2017
C.J. Uzomah,61,,TE,25.2,52,2017
Brian Hill,110,,RB,9.3,100,2017
Niles Paul,62,,TE,22.8,53,2017
Cameron Artis-Payne,111,337.0,RB,16.7,86,2017
Kerwynn Williams,112,238.0,RB,67.9,71,2017
Jeff Janis,129,,WR,3.2,122,2017
Fitzgerald Toussaint,113,369.0,RB,5.4,91,2017
Sammie Coates,130,345.0,WR,13.0,106,2017
Justin Hunter,131,,WR,12.3,123,2017
Josh Reynolds,132,,WR,27.4,124,2017
Todd Gurley,1,1.0,RB,366.1,1,2018
David Johnson,2,3.0,RB,244.6,2,2018
Antonio Brown,1,5.0,WR,323.7,1,2018
Ezekiel Elliott,3,4.0,RB,329.1,3,2018
Alvin Kamara,4,6.0,RB,348.2,4,2018
DeAndre Hopkins,2,8.0,WR,333.5,2,2018
Saquon Barkley,5,7.0,RB,383.8,5,2018
Julio Jones,4,13.0,WR,325.9,3,2018
Michael Thomas,5,16.0,WR,315.5,4,2018
Melvin Gordon,6,11.0,RB,271.5,8,2018
Kareem Hunt,7,10.0,RB,230.2,7,2018
Keenan Allen,6,17.0,WR,258.1,5,2018
Leonard Fournette,8,9.0,RB,120.4,6,2018
Christian McCaffrey,9,15.0,RB,385.5,10,2018
A.J. Green,7,20.0,WR,149.4,7,2018
Davante Adams,8,18.0,WR,327.6,6,2018
Dalvin Cook,11,14.0,RB,152.0,9,2018
Rob Gronkowski,1,21.0,TE,131.2,1,2018
Devonta Freeman,12,19.0,RB,14.1,11,2018
Mike Evans,9,22.0,WR,284.4,8,2018
T.Y. Hilton,10,28.0,WR,239.0,10,2018
Larry Fitzgerald,11,32.0,WR,183.68,13,2018
Stefon Diggs,12,30.0,WR,264.3,11,2018
Travis Kelce,2,26.0,TE,294.6,2,2018
Tyreek Hill,13,25.0,WR,328.0,9,2018
Adam Thielen,14,31.0,WR,305.3,12,2018
Amari Cooper,15,34.0,WR,215.5,14,2018
Jordan Howard,13,23.0,RB,180.0,12,2018
Joe Mixon,14,24.0,RB,243.4,13,2018
Jarvis Landry,16,38.0,WR,215.12,16,2018
Doug Baldwin,17,36.0,WR,141.8,15,2018
Demaryius Thomas,18,41.0,WR,156.7,17,2018
Zach Ertz,3,35.0,TE,280.3,3,2018
Golden Tate,19,45.0,WR,180.9,20,2018
Aaron Rodgers,1,29.0,QB,306.58,1,2018
LeSean McCoy,15,27.0,RB,127.2,14,2018
Kenyan Drake,16,33.0,RB,206.2,15,2018
JuJu Smith-Schuster,20,42.0,WR,294.9000000000001,18,2018
Allen Robinson,21,47.0,WR,153.3,21,2018
Alex Collins,17,37.0,RB,108.6,16,2018
Lamar Miller,18,46.0,RB,172.6,20,2018
Chris Hogan,22,55.0,WR,106.2,24,2018
Marvin Jones,23,54.0,WR,115.8,23,2018
Russell Wilson,2,53.0,QB,297.42,4,2018
Brandin Cooks,24,43.0,WR,243.2,19,2018
Royce Freeman,19,40.0,RB,101.3,18,2018
Tom Brady,3,50.0,QB,281.3,3,2018
Josh Gordon,25,49.0,WR,138.7,22,2018
Corey Davis,26,59.0,WR,183.6,25,2018
Jay Ajayi,20,44.0,RB,41.4,19,2018
Cam Newton,4,60.0,QB,278.6,5,2018
Emmanuel Sanders,27,65.0,WR,198.22000000000003,28,2018
Michael Crabtree,28,63.0,WR,132.7,27,2018
Dion Lewis,21,56.0,RB,160.7,22,2018
Deshaun Watson,5,48.0,QB,331.7000000000001,2,2018
Greg Olsen,4,57.0,TE,80.1,5,2018
Derrick Henry,22,39.0,RB,201.36,17,2018
Jamison Crowder,29,88.0,WR,82.8,36,2018
Jimmy Graham,5,52.0,TE,130.6,4,2018
Drew Brees,6,68.0,QB,302.98,6,2018
Marquise Goodwin,30,62.0,WR,87.4,26,2018
Delanie Walker,6,71.0,TE,9.2,7,2018
Mark Ingram,23,51.0,RB,142.5,21,2018
Rex Burkhead,24,66.0,RB,49.7,25,2018
Cooper Kupp,31,83.0,WR,135.1,35,2018
Sammy Watkins,32,78.0,WR,115.1,32,2018
Marshawn Lynch,25,58.0,RB,79.0,23,2018
Evan Engram,7,64.0,TE,124.3,6,2018
Chris Thompson,26,100.0,RB,91.6,36,2018
Robby Anderson,33,89.0,WR,156.39999999999995,37,2018
Kyle Rudolph,8,73.0,TE,151.4,8,2018
Robert Woods,34,79.0,WR,265.6,33,2018
Tevin Coleman,27,67.0,RB,193.6,26,2018
Kirk Cousins,7,87.0,QB,277.11999999999995,8,2018
Pierre Garcon,35,91.0,WR,58.6,38,2018
Matthew Stafford,8,95.0,QB,212.18,10,2018
Nelson Agholor,36,99.0,WR,165.39999999999995,41,2018
Trey Burton,9,85.0,TE,145.1,10,2018
Alshon Jeffery,37,70.0,WR,185.3,30,2018
Carlos Hyde,28,61.0,RB,98.4,24,2018
Devin Funchess,38,80.0,WR,122.9,34,2018
Randall Cobb,39,96.0,WR,86.3,40,2018
Jamaal Williams,29,74.0,RB,112.4,28,2018
Kenny Stills,40,113.0,WR,132.42,44,2018
Duke Johnson,30,86.0,RB,128.0,32,2018
Andrew Luck,9,93.0,QB,323.92,9,2018
Kerryon Johnson,31,72.0,RB,139.39999999999998,27,2018
Carson Wentz,10,76.0,QB,191.66,7,2018
Julian Edelman,41,69.0,WR,207.42,29,2018
Will Fuller,42,75.0,WR,106.3,31,2018
Jordan Reed,10,84.0,TE,119.8,9,2018
Tarik Cohen,32,82.0,RB,233.94000000000003,31,2018
Chris Carson,33,90.0,RB,201.4,33,2018
Jordy Nelson,43,92.0,WR,154.70000000000005,39,2018
Ben Roethlisberger,11,97.0,QB,333.86,11,2018
Sterling Shepard,44,102.0,WR,180.5,42,2018
Philip Rivers,12,105.0,QB,275.02,14,2018
Jack Doyle,11,107.0,TE,60.5,11,2018
Sony Michel,34,77.0,RB,139.1,29,2018
Jimmy Garoppolo,13,101.0,QB,46.02,12,2018
Peyton Barber,35,104.0,RB,150.3,37,2018
Kelvin Benjamin,45,110.0,WR,69.0,43,2018
Matt Ryan,14,103.0,QB,350.9600000000001,13,2018
Matt Breida,36,132.0,RB,162.5,43,2018
Isaiah Crowell,37,94.0,RB,140.7,34,2018
David Njoku,12,109.0,TE,143.9,12,2018
Patrick Mahomes,15,114.0,QB,415.08,15,2018
James White,38,112.0,RB,276.6,39,2018
Rashaad Penny,39,81.0,RB,70.4,30,2018
George Kittle,13,129.0,TE,256.7,13,2018
Keelan Cole,46,131.0,WR,89.1,50,2018
Jared Goff,16,115.0,QB,304.32,16,2018
Marlon Mack,40,98.0,RB,174.1,35,2018
Alfred Morris,41,136.0,RB,68.1,44,2018
Marcus Mariota,17,133.0,QB,175.92000000000004,18,2018
Allen Hurns,47,117.0,WR,61.5,45,2018
Kenny Golladay,48,143.0,WR,207.1,51,2018
Tyler Lockett,49,152.0,WR,220.4,55,2018
Alex Smith,18,125.0,QB,138.0,17,2018
Ty Montgomery,42,127.0,WR,71.3,48,2018
Giovani Bernard,43,138.0,RB,95.9,45,2018
Bilal Powell,44,140.0,RB,60.3,47,2018
Rishard Matthews,51,166.0,WR,7.4,60,2018
Mike Williams,52,124.0,WR,178.20000000000005,46,2018
O.J. Howard,14,154.0,TE,120.5,15,2018
Chris Godwin,53,162.0,WR,183.2,59,2018
D.J. Moore,54,130.0,WR,157.0,49,2018
Dak Prescott,19,141.0,QB,281.9,20,2018
Tyler Eifert,15,135.0,TE,38.9,14,2018
Adrian Peterson,45,116.0,RB,189.0,40,2018
Charles Clay,16,188.0,TE,37.4,20,2018
Anthony Miller,55,156.0,WR,120.22,56,2018
Eric Ebron,17,183.0,TE,222.2,19,2018
Theo Riddick,47,153.0,RB,116.5,50,2018
Jared Cook,18,180.0,TE,193.6,18,2018
Devontae Booker,48,151.0,RB,87.8,49,2018
C.J. Anderson,49,121.0,RB,67.4,42,2018
John Brown,56,159.0,WR,143.9,58,2018
Corey Clement,50,146.0,RB,79.1,48,2018
Josh Doctson,57,147.0,WR,109.2,53,2018
Aaron Jones,51,111.0,RB,171.4,38,2018
Cameron Brate,19,178.0,TE,92.9,17,2018
Michael Gallup,58,144.0,WR,95.7,52,2018
Derek Carr,20,137.0,QB,214.76,19,2018
Austin Seferian-Jenkins,20,167.0,TE,26.0,16,2018
Blake Bortles,21,202.0,QB,173.22,24,2018
Cameron Meredith,59,150.0,WR,24.4,54,2018
Ricky Seals-Jones,22,204.0,TE,74.3,23,2018
Eli Manning,23,161.0,QB,233.96,21,2018
John Ross,60,168.0,WR,84.9,61,2018
Jordan Wilkins,52,160.0,RB,60.1,52,2018
Dede Westbrook,61,171.0,WR,173.5,62,2018
Mohamed Sanu,62,157.0,WR,180.4,57,2018
Calvin Ridley,63,126.0,WR,206.8,47,2018
Nick Chubb,53,120.0,RB,194.5,41,2018
Andy Dalton,24,206.0,QB,174.54,25,2018
Tyrell Williams,64,207.0,WR,137.8,70,2018
Latavius Murray,54,139.0,RB,129.9,46,2018
Austin Hooper,23,215.0,TE,161.0,25,2018
DeSean Jackson,65,172.0,WR,151.3,63,2018
Case Keenum,25,201.0,QB,214.9,23,2018
James Conner,55,173.0,RB,276.0,54,2018
Paul Richardson,66,174.0,WR,59.1,64,2018
Mike Gesicki,24,198.0,TE,40.2,22,2018
Danny Amendola,67,187.0,WR,127.42,65,2018
Austin Ekeler,56,191.0,RB,168.8,56,2018
Javorius Allen,57,203.0,RB,93.6,58,2018
Vance McDonald,25,213.0,TE,133.0,24,2018
Jameis Winston,26,164.0,QB,195.78,22,2018
Ted Ginn,68,190.0,WR,50.5,66,2018
Frank Gore,58,220.0,RB,102.6,63,2018
Geronimo Allison,69,200.0,WR,62.3,69,2018
Nyheim Hines,59,194.0,RB,160.9,57,2018
Ryan Grant,70,299.0,WR,74.4,91,2018
Mike Wallace,71,229.0,0,0.0,1,2018
Antonio Gates,26,196.0,TE,71.3,21,2018
Christian Kirk,72,195.0,WR,123.5,67,2018
Doug Martin,60,169.0,RB,119.9,53,2018
Cole Beasley,73,254.0,WR,150.2,79,2018
Ryan Tannehill,27,228.0,QB,142.96,27,2018
Quincy Enunwa,74,248.0,WR,86.9,77,2018
Tyrod Taylor,28,210.0,QB,41.42,26,2018
Taywan Taylor,75,246.0,WR,87.6,76,2018
LeGarrette Blount,61,158.0,RB,86.5,51,2018
Courtland Sutton,77,197.0,WR,136.3,68,2018
T.J. Yeldon,62,212.0,RB,173.1,59,2018
Hayden Hurst,27,232.0,TE,35.3,26,2018
Samaje Perine,63,219.0,RB,6.7,62,2018
Donte Moncrief,78,238.0,WR,130.8,73,2018
Jeremy Hill,64,243.0,RB,4.1,66,2018
James Washington,79,239.0,WR,43.7,74,2018
Kenneth Dixon,65,249.0,RB,54.4,67,2018
Joe Flacco,29,241.0,QB,137.1,29,2018
Spencer Ware,66,218.0,RB,79.0,61,2018
Darren Sproles,67,251.0,RB,61.0,69,2018
D'Onta Foreman,68,177.0,RB,10.7,55,2018
Robert Kelley,69,216.0,RB,0.8,60,2018
Tre'Quan Smith,80,252.0,WR,100.7,78,2018
Chris Ivory,70,231.0,RB,78.0,64,2018
Kalen Ballage,71,240.0,RB,37.7,65,2018
Brandon Marshall,81,265.0,WR,30.6,82,2018
Jake Butt,28,276.0,TE,16.5,31,2018
Albert Wilson,82,284.0,WR,96.78,87,2018
Nick Vannett,29,314.0,TE,73.9,37,2018
Wayne Gallman,72,303.0,RB,44.5,77,2018
Sam Darnold,30,260.0,QB,168.4,31,2018
Sam Bradford,31,268.0,QB,12.7,32,2018
Dante Pettis,83,271.0,WR,103.5,84,2018
Tyler Boyd,84,371.0,WR,221.1,105,2018
Luke Willson,30,324.0,TE,21.7,39,2018
Kevin White,85,317.0,WR,13.2,98,2018
Dallas Goedert,31,263.0,TE,90.4,27,2018
Terrelle Pryor,86,261.0,WR,53.1,81,2018
Phillip Dorsett,87,255.0,WR,81.9,80,2018
Terrance Williams,88,242.0,WR,3.8,75,2018
Vernon Davis,32,279.0,TE,73.7,32,2018
Phillip Lindsay,73,361.0,RB,222.8,87,2018
John Kelly,74,256.0,RB,12.1,70,2018
C.J. Prosise,75,307.0,RB,4.9,79,2018
Blake Jarwin,33,294.0,TE,75.7,33,2018
Mike Gillislee,76,319.0,RB,4.199999999999998,81,2018
Jesse James,34,302.0,TE,84.3,35,2018
Willie Snead,90,316.0,WR,134.4,97,2018
Chase Edmonds,77,250.0,RB,63.1,68,2018
Chad Williams,91,375.0,WR,41.0,106,2018
Corey Grant,78,321.0,RB,19.7,82,2018
Trent Taylor,93,352.0,WR,53.5,101,2018
Jermaine Kearse,94,275.0,WR,80.1,85,2018
Adam Shaheen,35,269.0,TE,15.8,29,2018
Chester Rogers,95,311.0,WR,113.1,94,2018
Cordarrelle Patterson,96,266.0,WR,90.5,83,2018
Antonio Callaway,98,290.0,WR,130.29999999999998,90,2018
Tyler Kroft,36,338.0,TE,7.6,41,2018
Ed Dickson,37,313.0,TE,45.2,36,2018
Gerald Everett,38,344.0,TE,84.6,43,2018
Laquon Treadwell,99,357.0,WR,71.2,103,2018
Josh Allen,32,298.0,QB,206.06,35,2018
Marquez Valdes-Scantling,100,444.0,WR,111.0,115,2018
Baker Mayfield,33,235.0,QB,236.1,28,2018
Michael Roberts,39,367.0,TE,37.0,44,2018
Christine Michael,79,354.0,RB,0.9,84,2018
Boston Scott,80,377.0,0,0.0,2,2018
Rashard Higgins,101,401.0,WR,118.2,108,2018
Lamar Jackson,34,257.0,QB,157.54,30,2018
Jordan Akins,40,381.0,TE,39.5,46,2018
Seth Roberts,103,430.0,WR,106.9,113,2018
Mike Davis,81,424.0,RB,136.8,95,2018
Rico Gathers,41,273.0,TE,7.5,30,2018
DeAndre Washington,82,389.0,RB,11.4,94,2018
Travis Benjamin,104,286.0,WR,40.7,88,2018
Mark Walton,83,374.0,RB,12.5,91,2018
Keke Coutee,105,315.0,WR,62.7,96,2018
Elijah McGuire,84,293.0,RB,85.9,75,2018
Taylor Gabriel,106,301.0,WR,151.9,93,2018
Kyle Juszczyk,85,445.0,RB,67.4,96,2018
Zay Jones,107,312.0,WR,163.2,95,2018
Curtis Samuel,108,288.0,WR,136.8,89,2018
Virgil Green,42,333.0,TE,46.0,40,2018
Kapri Bibbs,86,,RB,61.8,99,2018
Tavon Austin,109,283.0,WR,39.5,86,2018
Rod Smith,87,272.0,RB,33.7,72,2018
Josh Hill,43,482.0,TE,40.5,55,2018
Jaron Brown,110,356.0,WR,60.6,102,2018
Nick Foles,35,285.0,QB,76.22000000000001,33,2018
Nathan Peterman,36,421.0,QB,12.84,40,2018
Jaylen Samuels,45,281.0,RB,89.5,73,2018
Ameer Abdullah,89,289.0,RB,3.9,74,2018
Ryan Griffin,47,297.0,TE,54.5,34,2018
Jalen Richard,90,347.0,RB,156.6,83,2018
Adam Humphries,116,351.0,WR,188.7,100,2018
Torrey Smith,117,336.0,WR,48.0,99,2018
Tyler Higbee,49,398.0,TE,65.2,47,2018
Jonnu Smith,50,342.0,TE,63.8,42,2018
Mark Andrews,51,267.0,TE,107.2,28,2018
Alfred Blue,91,364.0,RB,97.3,89,2018
Jonathan Williams,92,296.0,RB,1.1,76,2018
Garrett Celek,52,320.0,TE,26.0,38,2018
Jonathan Stewart,94,258.0,RB,1.7,71,2018
Josh McCown,37,345.0,QB,20.76,37,2018
Jeff Heuerman,53,405.0,TE,71.1,48,2018
Equanimeous St. Brown,119,413.0,WR,54.3,109,2018
Jacquizz Rodgers,96,355.0,RB,83.0,85,2018
Brandon LaFell,120,362.0,WR,37.5,104,2018
J'Mon Moore,121,300.0,WR,1.5,92,2018
Ryan Fitzpatrick,38,358.0,QB,163.83999999999997,38,2018
Jeremy Kerley,122,453.0,WR,2.7,116,2018
Marcus Murphy,97,385.0,RB,38.6,93,2018
Jakeem Grant,123,221.0,WR,60.3,72,2018
Keith Smith,98,456.0,RB,7.3,97,2018
Cody Latimer,125,376.0,WR,36.0,107,2018
De'Angelo Henderson,100,,RB,-0.10000000000000007,100,2018
Josh Rosen,39,292.0,QB,110.92,34,2018
Damien Williams,103,,RB,98.6,101,2018
Jermaine Gresham,54,462.0,TE,16.4,51,2018
DaeSean Hamilton,126,426.0,WR,66.3,112,2018
Bruce Ellington,127,433.0,WR,59.6,114,2018
Dalton Schultz,55,,TE,23.6,56,2018
Raheem Mostert,106,,RB,38.6,102,2018
Malcolm Brown,107,308.0,RB,37.4,80,2018
Chris Moore,128,461.0,WR,46.3,118,2018
Jordan Leggett,56,372.0,TE,31.4,45,2018
Chris Conley,129,454.0,WR,91.4,117,2018
Demetrius Harris,57,466.0,TE,46.4,52,2018
Logan Thomas,58,,TE,20.3,57,2018
Darrel Williams,109,,RB,16.1,103,2018
Robert Turbin,110,360.0,RB,0.2999999999999998,86,2018
A.J. Derby,59,472.0,TE,13.8,54,2018
Levine Toilolo,60,,TE,53.3,58,2018
Jacob Hollister,62,441.0,TE,9.2,49,2018
Cameron Artis-Payne,111,306.0,RB,17.4,78,2018
Maxx Williams,64,,TE,37.1,59,2018
Benny Cunningham,112,473.0,RB,3.9,98,2018
Lance Kendricks,65,470.0,TE,42.0,53,2018
Wendell Smallwood,113,369.0,RB,115.4,90,2018
T.J. Logan,114,,RB,10.9,104,2018
Ryan Switzer,130,208.0,WR,69.39999999999999,71,2018
Ito Smith,115,,RB,97.7,105,2018
Teddy Bridgewater,41,412.0,QB,7.219999999999999,39,2018
Jacoby Brissett,42,343.0,QB,-0.62,36,2018
Jarius Wright,132,,WR,95.6,122,2018
Josh Reynolds,133,485.0,WR,100.0,121,2018
Tyler Ervin,116,379.0,RB,6.5,92,2018
Deonte Thompson,134,419.0,WR,33.1,111,2018
Demarcus Robinson,135,464.0,WR,74.8,119,2018
Justin Hardy,136,414.0,WR,39.3,110,2018
Josh Malone,138,,WR,2.2,123,2018
Andre Holmes,139,,WR,29.2,124,2018
J.D. McKissic,117,363.0,RB,0.8,88,2018
Niles Paul,66,455.0,TE,19.5,50,2018
Chad Kelly,43,,QB,-0.1,41,2018
Zach Line,118,,RB,22.5,106,2018
Sean Culkin,67,,TE,3.4,60,2018
De'Anthony Thomas,141,475.0,WR,12.5,120,2018
Tyler Conklin,69,,TE,12.7,61,2018
Saquon Barkley,1,1.0,RB,244.1,1,2019
Ezekiel Elliott,2,4.0,RB,311.7,4,2019
Alvin Kamara,3,3.0,RB,248.52,3,2019
Christian McCaffrey,4,2.0,RB,469.2,2,2019
Nick Chubb,5,10.0,RB,255.2,8,2019
David Johnson,6,9.0,RB,141.5,7,2019
DeAndre Hopkins,1,5.0,WR,266.54,1,2019
James Conner,7,6.0,RB,145.5,5,2019
Davante Adams,2,8.0,WR,210.7,2,2019
Le'Veon Bell,8,7.0,RB,213.0,6,2019
Julio Jones,3,14.0,WR,274.1,4,2019
Dalvin Cook,9,15.0,RB,292.4,10,2019
Tyreek Hill,5,16.0,WR,188.3,5,2019
Travis Kelce,1,20.0,TE,254.3,1,2019
Joe Mixon,10,19.0,RB,225.4,11,2019
Todd Gurley,11,11.0,RB,217.4,9,2019
JuJu Smith-Schuster,6,17.0,WR,113.2,6,2019
Michael Thomas,7,13.0,WR,374.6,3,2019
Mike Evans,8,22.0,WR,230.7,7,2019
Keenan Allen,9,26.0,WR,261.5,10,2019
Chris Carson,12,30.0,RB,232.6,16,2019
Aaron Jones,13,28.0,RB,314.8,15,2019
Leonard Fournette,14,21.0,RB,259.4,12,2019
Kerryon Johnson,15,27.0,RB,85.0,14,2019
Adam Thielen,10,24.0,WR,114.4,9,2019
Amari Cooper,11,34.0,WR,246.5,11,2019
Sony Michel,16,44.0,RB,152.6,23,2019
Derrick Henry,17,36.0,RB,294.6,19,2019
Brandin Cooks,12,40.0,WR,117.5,13,2019
Devonta Freeman,18,33.0,RB,197.6,18,2019
George Kittle,2,31.0,TE,222.5,3,2019
Stefon Diggs,13,35.0,WR,212.1,12,2019
Patrick Mahomes,1,12.0,QB,285.04,1,2019
Robert Woods,14,42.0,WR,232.9,14,2019
Zach Ertz,3,29.0,TE,213.6,2,2019
Tyler Lockett,15,46.0,WR,235.2,17,2019
Josh Jacobs,19,32.0,RB,191.6,17,2019
Marlon Mack,20,39.0,RB,179.29999999999995,21,2019
Chris Godwin,16,50.0,WR,274.1,19,2019
David Montgomery,21,38.0,RB,170.4,20,2019
Mark Ingram,22,41.0,RB,238.5,22,2019
Julian Edelman,17,43.0,WR,254.28,15,2019
Kenny Golladay,18,49.0,WR,248.0,18,2019
Damien Williams,23,25.0,RB,141.1,13,2019
T.Y. Hilton,19,45.0,WR,125.1,16,2019
Deshaun Watson,2,37.0,QB,318.98,2,2019
Antonio Brown,20,23.0,WR,16.1,8,2019
Cooper Kupp,21,51.0,WR,270.5,20,2019
O.J. Howard,4,55.0,TE,83.9,4,2019
Phillip Lindsay,24,52.0,RB,197.7,25,2019
Tevin Coleman,25,56.0,RB,135.4,26,2019
Mike Williams,22,59.0,WR,161.29999999999995,23,2019
Tyler Boyd,23,57.0,WR,222.9,22,2019
D.J. Moore,24,67.0,WR,230.5,26,2019
Evan Engram,5,61.0,TE,109.4,5,2019
Calvin Ridley,25,53.0,WR,195.0,21,2019
Hunter Henry,6,66.0,TE,148.2,6,2019
Aaron Rodgers,3,47.0,QB,272.38000000000005,3,2019
Allen Robinson,26,77.0,WR,254.9,28,2019
Alshon Jeffery,27,63.0,WR,122.2,24,2019
Duke Johnson,26,70.0,RB,154.0,30,2019
Miles Sanders,27,68.0,RB,216.7,29,2019
Austin Ekeler,28,58.0,RB,309.0,27,2019
Melvin Gordon,29,48.0,RB,180.8,24,2019
James White,30,64.0,RB,198.2,28,2019
Derrius Guice,31,73.0,RB,57.4,31,2019
Latavius Murray,32,83.0,RB,157.2,34,2019
Robby Anderson,28,78.0,WR,160.3,29,2019
Baker Mayfield,4,54.0,QB,227.18,4,2019
Matt Ryan,5,62.0,QB,265.34,5,2019
Kenyan Drake,33,74.0,RB,212.2,32,2019
Carson Wentz,6,72.0,QB,271.86,7,2019
Jarvis Landry,30,69.0,WR,237.4,27,2019
Matt Breida,34,97.0,RB,103.3,37,2019
Cam Newton,7,89.0,QB,16.68,10,2019
Devin Singletary,35,99.0,RB,147.9,38,2019
Tarik Cohen,36,76.0,RB,163.9,33,2019
Sammy Watkins,31,86.0,WR,136.5,32,2019
Rashaad Penny,37,100.0,RB,75.3,39,2019
Will Fuller,32,81.0,WR,134.0,31,2019
Curtis Samuel,33,98.0,WR,171.7,38,2019
Royce Freeman,38,112.0,RB,142.2,43,2019
Christian Kirk,34,90.0,WR,166.20000000000005,34,2019
LeSean McCoy,39,94.0,RB,118.6,36,2019
Jared Cook,7,75.0,TE,167.5,7,2019
Dede Westbrook,35,80.0,WR,152.7,30,2019
Marvin Jones,36,93.0,WR,193.9,37,2019
Russell Wilson,8,82.0,QB,326.6,9,2019
Corey Davis,37,92.0,WR,115.1,36,2019
Jordan Howard,40,87.0,RB,111.4,35,2019
Jared Goff,9,79.0,QB,247.52,8,2019
Sterling Shepard,38,91.0,WR,139.79999999999998,35,2019
Vance McDonald,8,85.0,TE,83.5,8,2019
Josh Gordon,39,65.0,WR,73.69999999999997,25,2019
Dante Pettis,40,109.0,WR,34.54,40,2019
Drew Brees,10,71.0,QB,224.76,6,2019
Jameis Winston,11,103.0,QB,297.36,12,2019
David Njoku,9,101.0,TE,15.1,10,2019
Lamar Jackson,12,106.0,QB,415.68,14,2019
Kalen Ballage,41,130.0,RB,51.8,48,2019
Kyler Murray,13,108.0,QB,279.28,15,2019
Darrell Henderson,42,102.0,RB,22.4,40,2019
Peyton Barber,43,107.0,RB,114.5,41,2019
Courtland Sutton,41,115.0,WR,222.42,42,2019
Larry Fitzgerald,42,104.0,WR,177.4,39,2019
Ben Roethlisberger,14,96.0,QB,12.739999999999998,11,2019
Dak Prescott,15,122.0,QB,335.7800000000001,17,2019
Marquez Valdes-Scantling,43,113.0,WR,84.10000000000002,41,2019
DeSean Jackson,44,127.0,WR,36.9,45,2019
Geronimo Allison,45,120.0,WR,73.4,44,2019
Michael Gallup,46,132.0,WR,212.7,46,2019
Emmanuel Sanders,47,88.0,WR,188.3,33,2019
John Brown,48,142.0,WR,219.82,49,2019
Tyrell Williams,49,139.0,WR,143.1,48,2019
Philip Rivers,16,116.0,QB,233.50000000000003,16,2019
Justice Hill,44,148.0,RB,49.5,51,2019
Austin Hooper,10,129.0,TE,189.7,12,2019
Carlos Hyde,45,151.0,RB,153.2,52,2019
Donte Moncrief,50,135.0,WR,5.8,47,2019
Justin Jackson,46,128.0,RB,31.2,47,2019
Anthony Miller,51,144.0,WR,127.5,50,2019
Delanie Walker,11,117.0,TE,54.5,11,2019
Dion Lewis,47,131.0,RB,66.3,49,2019
Tom Brady,18,105.0,QB,261.67999999999995,13,2019
Adrian Peterson,48,123.0,RB,147.0,46,2019
Jamison Crowder,52,165.0,WR,197.7,54,2019
Eric Ebron,12,95.0,TE,86.5,9,2019
Mark Andrews,13,140.0,TE,207.2,14,2019
Kirk Cousins,19,134.0,QB,242.42,18,2019
Josh Allen,20,154.0,QB,282.56,20,2019
James Washington,53,119.0,WR,133.5,43,2019
Keke Coutee,54,158.0,WR,52.8,53,2019
Jaylen Samuels,49,137.0,RB,104.4,50,2019
Darwin Thompson,50,121.0,RB,32.1,45,2019
D.K. Metcalf,55,145.0,WR,185.1,51,2019
Golden Tate,56,146.0,WR,152.2,52,2019
Jimmy Garoppolo,21,150.0,QB,243.32,19,2019
Nyheim Hines,52,183.0,RB,105.9,56,2019
Albert Wilson,57,205.0,WR,89.4,67,2019
Trey Burton,14,152.0,TE,22.4,15,2019
Marquise Goodwin,58,175.0,WR,38.1,57,2019
Damien Harris,53,159.0,RB,1.2,54,2019
Kenny Stills,59,187.0,WR,120.1,61,2019
Sam Darnold,22,186.0,QB,183.16,23,2019
Mohamed Sanu,60,180.0,WR,124.1,58,2019
Ito Smith,54,164.0,RB,36.3,55,2019
C.J. Anderson,55,189.0,RB,4.3,57,2019
Frank Gore,56,212.0,RB,94.9,63,2019
Devin Funchess,61,200.0,WR,6.2,63,2019
Jimmy Graham,16,177.0,TE,100.7,17,2019
Alexander Mattison,57,153.0,RB,68.4,53,2019
Tre'Quan Smith,62,208.0,WR,71.4,68,2019
Kyle Rudolph,17,169.0,TE,111.7,16,2019
DaeSean Hamilton,63,204.0,WR,63.7,66,2019
Tony Pollard,58,114.0,RB,87.2,44,2019
Adam Humphries,64,221.0,WR,86.5,70,2019
Matthew Stafford,23,166.0,QB,166.55999999999997,21,2019
Giovani Bernard,59,225.0,RB,68.4,64,2019
Kareem Hunt,60,110.0,RB,101.4,42,2019
Derek Carr,24,182.0,QB,244.36,22,2019
Chris Thompson,61,190.0,RB,93.6,58,2019
Deebo Samuel,66,170.0,WR,187.1,55,2019
Jamaal Williams,62,193.0,RB,146.3,59,2019
Mike Davis,63,235.0,RB,11.9,66,2019
T.J. Hockenson,20,136.0,TE,80.7,13,2019
Jack Doyle,21,210.0,TE,111.8,20,2019
Malcolm Brown,64,198.0,RB,59.1,61,2019
Andy Dalton,25,251.0,QB,199.66,27,2019
Jacoby Brissett,26,243.0,QB,215.68,26,2019
Quincy Enunwa,67,247.0,WR,-1.4,79,2019
Marquise Brown,68,184.0,WR,146.4,59,2019
Darren Waller,22,194.0,TE,221.0,19,2019
Dallas Goedert,23,224.0,TE,144.7,22,2019
Nick Foles,27,195.0,QB,35.73999999999999,24,2019
Chase Edmonds,65,239.0,RB,82.8,67,2019
Jalen Richard,66,196.0,RB,82.8,60,2019
Trey Quinn,69,264.0,WR,49.8,88,2019
Mecole Hardman,70,185.0,WR,113.5,60,2019
Gus Edwards,67,231.0,RB,92.6,65,2019
Zay Jones,71,197.0,WR,48.9,62,2019
Ted Ginn,72,246.0,WR,85.89999999999998,78,2019
Ty Montgomery,68,209.0,RB,32.3,62,2019
Marcus Mariota,28,229.0,QB,85.02000000000002,25,2019
Noah Fant,24,191.0,TE,111.0,18,2019
Parris Campbell,73,227.0,WR,38.1,71,2019
T.J. Yeldon,69,245.0,RB,29.7,69,2019
Robert Foster,74,258.0,WR,12.3,84,2019
Ryquell Armstead,70,255.0,RB,51.2,70,2019
Joe Flacco,29,273.0,QB,82.88,28,2019
Taylor Gabriel,75,313.0,WR,90.3,101,2019
Rex Burkhead,71,312.0,RB,101.1,76,2019
Marqise Lee,76,201.0,WR,4.9,64,2019
Rashard Higgins,77,256.0,WR,15.5,83,2019
Randall Cobb,78,232.0,WR,154.9,73,2019
A.J. Brown,79,230.0,WR,217.1,72,2019
Tyler Eifert,25,241.0,TE,104.6,24,2019
Paul Richardson,81,265.0,WR,64.5,89,2019
Cole Beasley,82,261.0,WR,180.8,87,2019
Ryan Fitzpatrick,30,323.0,QB,239.46,32,2019
Eli Manning,31,317.0,QB,54.38000000000001,30,2019
Nelson Agholor,83,202.0,WR,92.0,65,2019
David Moore,84,300.0,WR,59.6,97,2019
Andy Isabella,85,238.0,WR,35.4,75,2019
N'Keal Harry,86,173.0,WR,39.4,56,2019
Miles Boykin,87,213.0,WR,50.8,69,2019
Willie Snead,88,249.0,WR,95.1,81,2019
Dwayne Haskins,32,282.0,QB,74.69999999999997,29,2019
John Ross,89,293.0,WR,95.0,96,2019
Mike Gesicki,26,252.0,TE,136.0,25,2019
Josh Rosen,33,324.0,QB,17.98,33,2019
Case Keenum,34,338.0,QB,103.48,34,2019
Corey Clement,74,328.0,0,-4.0,4,2019
Daniel Jones,35,320.0,QB,210.98,31,2019
Antonio Callaway,91,242.0,WR,16.9,77,2019
Danny Amendola,92,271.0,WR,140.56,90,2019
Wayne Gallman,75,301.0,RB,48.2,75,2019
Dontrell Hilliard,76,263.0,RB,38.1,71,2019
Dexter Williams,77,288.0,RB,1.1,73,2019
Jordan Wilkins,78,363.0,RB,54.0,82,2019
Gerald Everett,27,294.0,TE,89.8,29,2019
Phillip Dorsett,93,308.0,WR,100.8,99,2019
KeeSean Johnson,94,302.0,WR,44.0,98,2019
Terry McLaurin,95,374.0,WR,191.9,118,2019
Josh Reynolds,96,292.0,WR,61.9,95,2019
Brian Hill,79,281.0,RB,67.19999999999999,72,2019
Chris Conley,97,330.0,WR,154.5,102,2019
Bilal Powell,80,345.0,RB,33.2,79,2019
Hunter Renfrow,98,284.0,WR,133.5,93,2019
Breshad Perriman,99,343.0,WR,138.1,106,2019
Devontae Booker,82,332.0,RB,12.6,77,2019
Preston Williams,100,260.0,WR,90.8,86,2019
Ryan Tannehill,36,371.0,QB,222.18,37,2019
Demaryius Thomas,101,236.0,WR,85.3,74,2019
Jason Witten,28,211.0,TE,137.9,21,2019
Keelan Cole,102,362.0,WR,78.69999999999997,116,2019
Josh Adams,84,,RB,1.2,88,2019
Josh Doctson,103,287.0,0,0.0,2,2019
Jordan Scarlett,87,,RB,0.9,89,2019
Myles Gaskin,88,297.0,RB,31.4,74,2019
Wendell Smallwood,89,352.0,RB,23.5,80,2019
Darren Sproles,90,383.0,RB,15.0,85,2019
Ty Johnson,91,379.0,RB,60.2,84,2019
Will Dissly,29,290.0,TE,73.9,28,2019
Chris Hogan,105,333.0,WR,14.7,103,2019
Cameron Brate,30,233.0,TE,91.1,23,2019
Trayveon Williams,93,250.0,0,0.0,1,2019
Jaron Brown,106,351.0,WR,48.0,110,2019
John Kelly,95,,RB,0.9,90,2019
Mike Boone,96,,RB,50.0,91,2019
Travis Benjamin,107,311.0,WR,9.0,100,2019
Spencer Ware,97,342.0,RB,12.3,78,2019
Darrel Williams,98,244.0,RB,67.80000000000001,68,2019
Taywan Taylor,108,322.0,0,0.0,3,2019
Ian Thomas,31,310.0,TE,35.6,30,2019
Jakobi Meyers,109,259.0,WR,61.9,85,2019
Michael Crabtree,110,346.0,WR,6.2,108,2019
Taysom Hill,37,,QB,102.2,39,2019
Jake Kumerow,111,279.0,WR,39.9,92,2019
Cordarrelle Patterson,112,344.0,WR,29.6,107,2019
Ameer Abdullah,100,,RB,39.3,92,2019
Rod Smith,101,,0,0.0,6,2019
Diontae Johnson,113,253.0,WR,157.1,82,2019
Mark Walton,103,394.0,RB,42.0,87,2019
Demarcus Robinson,114,286.0,WR,100.9,94,2019
Hayden Hurst,32,331.0,TE,76.9,32,2019
DeAndre Washington,104,,RB,121.9,93,2019
Jakeem Grant,115,393.0,WR,39.9,119,2019
Raheem Mostert,107,,RB,165.2,94,2019
Deon Cain,116,339.0,WR,21.4,105,2019
Irv Smith Jr.,33,267.0,TE,79.1,27,2019
Matt LaCosse,34,262.0,TE,32.1,26,2019
Drew Lock,38,359.0,QB,68.0,35,2019
Geoff Swaim,35,356.0,TE,19.5,37,2019
C.J. Uzomah,37,348.0,TE,63.2,35,2019
Charles Clay,38,,TE,47.7,46,2019
Keith Kirkwood,118,,0,0.0,7,2019
Jeff Wilson,111,,RB,46.9,95,2019
Damion Willis,119,,WR,17.2,122,2019
Blake Bortles,39,367.0,QB,-0.78,36,2019
Trenton Cannon,112,,0,0.0,8,2019
Vernon Davis,39,314.0,TE,28.3,31,2019
Travis Homer,114,,RB,28.0,96,2019
Ricky Seals-Jones,40,337.0,TE,58.9,33,2019
Cody Latimer,120,,WR,66.0,123,2019
Blake Jarwin,41,341.0,TE,85.5,34,2019
Dwayne Washington,115,,RB,7.6,97,2019
C.J. Prosise,116,388.0,RB,28.8,86,2019
Jonnu Smith,42,400.0,TE,104.7,44,2019
Nick Vannett,43,369.0,TE,33.6,39,2019
Chad Beebe,121,,WR,9.0,124,2019
Nick Mullens,40,,QB,-0.3,40,2019
Justin Watson,122,,WR,42.9,125,2019
Jesse James,44,350.0,TE,30.2,36,2019
Dawson Knox,45,382.0,TE,79.7,41,2019
Tyler Higbee,46,,TE,160.4,47,2019
Adam Shaheen,48,,TE,14.4,48,2019
Chris Moore,123,240.0,WR,5.1,76,2019
Tyler Kroft,49,399.0,TE,19.1,43,2019
Kelvin Harmon,124,248.0,WR,66.94,80,2019
Ryan Grant,125,,WR,5.4,126,2019
Jordan Akins,50,,TE,89.8,49,2019
Tim Patrick,127,361.0,WR,37.8,115,2019
Jace Sternberger,51,,0,0.0,9,2019
J.D. McKissic,119,,RB,83.8,98,2019
Kyle Juszczyk,120,353.0,RB,50.6,81,2019
Paul Perkins,123,,RB,4.8,99,2019
Ryan Switzer,130,397.0,WR,10.7,121,2019
Darius Slayton,131,,WR,170.0,127,2019
D'Ernest Johnson,125,,RB,15.2,100,2019
Jordan Thomas,52,364.0,TE,1.8,38,2019
Riley Ridley,132,274.0,WR,12.9,91,2019
Gary Jennings,133,391.0,0,0.0,5,2019
Buddy Howell,128,,RB,1.0,101,2019
Demetrius Harris,53,377.0,TE,47.9,40,2019
Reggie Bonnafon,129,,RB,29.3,102,2019
Dontrelle Inman,134,396.0,WR,30.1,120,2019
Allen Hurns,135,,WR,83.6,128,2019
Brian Hoyer,41,,QB,21.08,41,2019
Teddy Bridgewater,42,,QB,90.46,42,2019
Jeff Heuerman,54,384.0,TE,31.4,42,2019
Seth Roberts,137,355.0,WR,60.1,111,2019
Kendrick Bourne,138,336.0,WR,95.8,104,2019
Boston Scott,133,,RB,96.9,103,2019
Tyrod Taylor,43,,QB,6.0200000000000005,43,2019
Blake Bell,55,,TE,14.7,50,2019
Chester Rogers,139,349.0,WR,45.7,109,2019
Alex Erickson,140,,WR,96.24,129,2019
Mo Alie-Cox,57,,TE,17.3,51,2019
Tavon Austin,141,,WR,47.40000000000001,130,2019
Josh Hill,58,,TE,65.6,52,2019
Isaiah McKenzie,143,360.0,WR,63.3,114,2019
Bennie Fowler,144,,WR,44.3,131,2019
Jarius Wright,145,357.0,WR,56.9,112,2019
Russell Shepard,146,,WR,5.5,132,2019
Justin Hardy,148,,WR,38.5,133,2019
Rhett Ellison,61,,TE,40.7,53,2019
Trent Sherfield,150,,WR,12.0,134,2019
Xavier Grimble,62,,TE,1.3,54,2019
Foster Moreau,63,401.0,TE,68.4,45,2019
Nick Boyle,64,,TE,75.1,55,2019
Luke Stocker,66,,TE,13.3,56,2019
Maxx Williams,67,,TE,41.2,57,2019
Ryan Finley,44,,QB,24.66,44,2019
DeAndre Carter,151,,WR,25.2,135,2019
Byron Pringle,152,,WR,35.0,136,2019
John Ursua,153,,WR,2.1,137,2019
Josh Bellamy,154,,WR,4.0,138,2019
Tajae Sharpe,156,358.0,WR,81.9,113,2019
Darren Fells,69,,TE,110.1,58,2019
Lee Smith,70,,TE,13.1,59,2019
David Fluellen,137,,0,0.0,10,2019
Taiwan Jones,138,,RB,5.9,104,2019
Virgil Green,71,,TE,22.8,60,2019
Mack Hollins,160,,WR,22.5,139,2019
Dan Arnold,72,,TE,32.7,61,2019
Garrett Celek,73,,0,0.0,11,2019
Samaje Perine,139,,RB,1.6,105,2019
Robert Griffin,46,,QB,16.0,45,2019
Brett Hundley,47,,QB,6.06,46,2019
Robert Tonyan,74,,TE,26.0,62,2019
Austin Carr,162,,WR,1.9,140,2019
Stephen Anderson,76,,0,0.0,12,2019
Greg Dortch,163,,0,-2.0,13,2019
Juwann Winfree,164,,0,0.0,14,2019
Andre Roberts,166,,WR,5.7,141,2019
Trevon Wesco,78,,TE,6.9,63,2019
Auden Tate,167,,WR,101.5,142,2019
Marcell Ateman,168,,WR,14.6,143,2019
Scott Miller,169,,WR,40.6,144,2019
Richie James,170,,WR,26.4,145,2019
Zach Pascal,171,368.0,WR,133.29999999999998,117,2019
Josh McCown,48,,QB,0.76,47,2019
Chase Daniel,49,,QB,26.0,48,2019
Kaden Smith,79,,TE,75.8,64,2019
Mason Rudolph,50,387.0,QB,108.8,38,2019
Elijhaa Penny,140,,RB,6.8,106,2019
Levine Toilolo,81,,TE,3.0,65,2019
James Develin,141,366.0,RB,0.3,83,2019
Drew Sample,83,,TE,8.0,66,2019
Zach Line,142,,RB,11.6,107,2019
Alex Armah,143,,RB,9.7,108,2019
Anthony Firkser,84,,TE,40.4,67,2019
Jacob Hollister,85,,TE,93.9,68,2019
Gardner Minshew,51,,QB,223.24,49,2019
Will Grier,52,,QB,1.3199999999999994,50,2019
Damion Ratley,173,,WR,38.0,146,2019
Darius Jennings,174,,WR,3.7,147,2019
Tyler Conklin,86,,TE,13.8,69,2019
Cody Core,175,,WR,5.8,148,2019
Anthony Sherman,145,,RB,5.1000000000000005,109,2019
Javon Wims,176,,WR,42.6,149,2019
Zach Gentry,87,,TE,1.4,70,2019
Derek Carrier,88,,TE,32.5,71,2019
Russell Gage,177,,WR,98.8,150,2019
Colt McCoy,53,,QB,4.2799999999999985,51,2019
Eric Tomlinson,89,,TE,1.1,72,2019
Marcedes Lewis,90,,TE,36.6,73,2019
Logan Thomas,91,,TE,39.3,74,2019
Joshua Perkins,92,,TE,23.7,75,2019
Jeremy Sprinkle,93,,TE,56.1,76,2019
Braxton Berrios,180,,WR,15.5,151,2019
Sean Culkin,95,,TE,2.2,77,2019
Matt Barkley,54,,QB,5.959999999999999,52,2019
Troy Fumagalli,97,,TE,15.8,78,2019
Ben Braunecker,98,,TE,17.9,79,2019
Chris Manhertz,99,,TE,2.1,80,2019
Dalton Schultz,100,,TE,1.6,81,2019
Tim Boyle,56,,QB,-0.09999999999999998,53,2019
Trevor Siemian,57,,QB,0.12,54,2019
Durham Smythe,101,,TE,13.5,82,2019
Antony Auclair,102,,TE,2.1,83,2019
Johnny Mundt,103,,TE,6.6,84,2019
Matt Moore,58,,QB,42.26,55,2019
Jarrett Stidham,59,,QB,-1.64,56,2019
